TRAVEL_ID,ADV_NM,ADV_SEQ,PAYMENT_NUM,BRNO,STORE_NM,ROAD_NM_ADDR,LOTNO_ADDR,ROAD_NM_CD,LOTNO_CD,PAYMENT_DT,PAYMENT_MTHD_SE,PAYMENT_AMT_WON,PAYMENT_ETC,SGG_CD
e_e000003,커피 등 음료수,0,4,,김포 사우동 GS25,GS25,,,,,1,20000,,4157010600
e_e000340,자충매트; 랜턴; 고기; 볶음밥,0,4,,G마켓,,,,,,4,200000,,4165033000
e_e004785,바베큐 재료(티본스테이크),1,2,1208800767,쿠팡(주) ,서울 송파구 송파대로 570,서울 송파구 신천동 7-30,2005011,1171010200,2023-07-09 02:45,3,29990,티본스테이크(냉동),
f_f000021,간식,1,3,6098205152,북창원농협하나로마트화천점,경남 창원시 의창구 북면 천주로 503,,3327052,4812131028,2023-04-27 12:27,1,50980,하이내켄;사과;오이(가시오이);슈프림골드커피믹스;뜨라네파프리카,
f_f000029,편의점간식,1,3,2583300534,CU,서울 송파구 성내천로21길 6,서울 송파구 마천동 21-1,4169252,1171011400,2023-04-28 18:21,1,18700,어프)하이볼얼그레이;아트)청신레몬하이볼;아프)하이볼레몬토닉;콜드오렌지;바리스타블랙,
f_f000265,간식,0,3,,롯데제과,,,,,,1,19000,,2626010900
f_f000273,고기.간식,0,4,,애플마트,애플마트,,,,,1,60000,,2714010100
f_f000296,문화재설명 프로그램,0,2,,마이리얼트립,마이리얼트립 온라인,,,,,5,80000,,1165010800
f_f000297,식료품.고기.냉동밥,1,3,,,,,,,2023-05-20 16:40,1,51220,R)김치전;리얼)단단한얼음;일반쓰레기봉투;유어스)DMZ맑은샘물;호가든캔,
f_f000319,고속버스예매,0,1,,중앙고속,고속버스터미널역7호선 서울 서초구 신반포로 194,,,,,1,46600,,1165010700
f_f000320,음료 맥주 고기,1,3,4158213678,정남진장흥하나로마트,전남 장흥군 장흥읍 동교로 27,,3292009,4680025037,2023-05-27 09:48,1,12820,백산수;켈리(캔);[쿠폰]켈리;청양고추,
f_f000320,음료 맥주 고기,2,3,1062824361,과일오빠,전남 장흥군 장흥읍 장흥로 39,전남 장흥군 장흥읍 건산리 488-4,3292026,4680025037,2023-05-27 09:54,1,17800,닭목살,
f_f000324,차량용 아이패드거치대,1,4,3202700779,한솔글로벌,경기 김포시 대곶면 송마로 26,,3209071,4157034029,2023-05-17 17:35,1,16800,라별 차량 뒷좌석 헤드레스트 핸드폰 패드 스마트폰 거치대,
f_f000333,그랜드조선아리아 4인,1,4,7198501435,(주)조선호텔앤리조트 그랜드조선 부산,부산 해운대구 해운대해변로 292,부산 해운대구 중동 1405-16,3133043,2635010600,2023-04-30 20:22,1,540000,그랜드조선 부산 아리아(뷔페),
f_f000336,자외선차단모자 2개,1,2,1208800767,쿠팡(주),서울 송파구 송파대로 570,서울 송파구 신천동 7-30,2005011,1171010200,2023-05-16 13:27,1,22880,민코 자외선 차단 모자,
f_f000344,식료품 가스 술 과일,1,5,2068650913,이마트,경기 성남시 수정구 수정로 201,경기 성남시 수정구 태평동 7336,3178018,4113110200,2023-05-22 17:34,1,117330,CJ햇반 아산밥;커피빈 아이스커피;카)오렌지망고;고래밥볶음;드링킹 베리믹스,
f_f000366,과자;음료,0,4,,gs25대구태전로점,,,,,,1,5200,,2723012600
f_f000369,삼겹살; 소세지; 햇반; 마시멜로우; 식빵; 초코렛; 에이스; 숯; 우유; 짜요짜요; 맥주1캔,0,4,,홈플러스익스프레스,36-13,,,,,3,81900,,1111017000
f_f000373,옷,1,1,1308537479,(주)현대백화점,경기 부천시 길주로 180,경기 부천시 중동 1164,3000065,4119010800,2023-05-20 15:48,1,108000,피그먼트,
f_f000380,물.과자,0,2,,세븐일레븐 현풍터미널점,404 현풍시외버스정류장,,,,,1,7000,,2771026525
f_f000392,음료,0,2,,스타벅스삼송점,권율대로 904,,,,,1,4500,,4128110300
f_f000419,버스예매,1,1,1268100825,(주)대원고속,,,,,2023-05-17 16:18,1,24400,버스표,
f_f000419,버스예매,2,1,1148102382,(주)한일고속,서울 서초구 신반포로 194,서울 서초구 반포동 19-4,3121017,1165010700,2023-05-17 16:22,1,31700,버스표,
f_f000422,경주월드 자유이용권,1,1,,경주월드주식회사,경북 경주시 보문로 544,경북 경주시 천군동 191-5,3305021,4713013500,2023-05-17 00:00,1,24000,,
f_f000423,충전기,1,8,2138152063,(주) 아성다이소,서울 강남구 도곡로 176,서울 강남구 도곡동 545-7,3122012,1168011800,2023-05-26 00:00,1,13000,,
f_f000434,버스승차권,1,1,3538700773,(주)동부고속,서울 서초구 신반포로 194,서울 서초구 반포동 19-4,3121017,1165010700,2023-04-28 16:02,1,27600,버스표,
f_f000434,버스승차권,2,1,1048183559,(주)티머니,,,,,2023-04-26 11:16,1,20600,버스표,
f_f000440,고기.육포.라면 등,1,3,2208160348,홈플러스,서울 강서구 화곡로 398,서울 강서구 등촌동 639-11,3005069,1150010200,2023-05-19 22:33,1,165340,[호주청정우]블랙앵거스 척아이;하이트진로 블랙보리차;궁 우육포 골든올리브;궁 우육포 오리지날;한국청정음료 몽베스트 무라벨,
f_f000467,먹을거리,1,3,1118509443,GS 더 프레쉬,서울 서대문구 응암로 54,서울 서대문구 북가좌동 306-17,3005055,1141011900,2023-05-19 12:23,1,31220,재사용종량제봉투2; 롯데처음처럼; 새우탕큰사발; 유어스)틈새라면왕; 농심)무파마큰사발,
f_f000472,라면; 음료수; 과자류,0,3,,홈플러스 진해점,홈플러스 진해점(온라인으로 구매),,,,,1,20000,,4812914100
f_f000474,캐리어,0,1,,블루밍홈 타이탕 캐리어,쿠팡,,,,,1,97200,,1154510200
f_f000476,버스비,1,1,1048183559,티머니 시외버스,서울 중구 후암로 110,서울 중구 남대문로5가 581,3101024,1114011800,2023-06-04 20:48,1,16600,버스표,
f_f000476,버스비,2,1,1048183559,㈜티머니,서울 중구 후암로 110,서울 중구 남대문로5가 581,3101024,1114011800,2023-06-07 06:17,1,16600,버스비,
f_f000481,식료품,1,2,2068650913,이마트,경기 남양주시 순화궁로 167,경기 남양주시 별내동 989,3197037,4136011100,2023-05-17 21:08,1,51360,해태 감자칩 4번들;국산의힘 자색고구마;피코크 훈제막창;HALO 만다린;오리온 대단한나쵸,
f_f000481,식료품,2,2,1322747667,E플러스마트,경기 남양주시 퇴계원읍 퇴계원로6번길 7,,4391741,4136026521,2023-05-18 20:14,1,53560,깻잎 2묶음;봉지상추 1봉지;파채;한돈생오겹살(숯불구이용);한돈생목살(숯불구이용);한돈생등갈비,
f_f000499,돼지고기,1,2,2068650913,이마트,서울 마포구 백범로 212,,3005016,1144010300,2023-05-29 11:21,1,25680,코끼리대여장바구니;파머스픽 머쉬마루버섯;국내산돈앞다리불고기;켈리캔,
f_f000499,식료품구입,3,2,1078163829,(주)코스트코 코리아,서울 영등포구 선유로 156,서울 영등포구 양평동3가 65,3005074,1156012700,2023-05-30 18:04,1,94020,프렌치버터크라상;레몬1봉;워터보일드베이글;셀러드2종;유기농곤드레밥,
f_f000505,생수,1,1,1078657147,코레일유통(주),서울 용산구 청파로89길 31,서울 용산구 서계동 7,4106392,1117010800,2023-05-17 10:45,1,900,칠성)아이시스  에코,
f_f000531,지퍼백과 양우산등등,0,1,,다이소,1114-8,,,,,1,22000,,4111514100
f_f000573,술; 고기; 라면,0,8,,이마트,2545,,,,,3,247000,,1114016500
f_f000581,음식,1,4,5648500495,롯데마트,서울 서초구 서초대로38길 12,서울 서초구 서초동 1498-5,4163404,1165010800,2023-06-04 18:03,1,102300,한판 제스프리 골드키위;남양유업 백미당 유기농 네모우유 초콜릿;스타벅스 에스프레소 크림;롯데 에센 프랑크;농심 츄파춥스 피즈캔디,
f_f000587,보조배터리,0,1,,19800,쿠팡 본사 (인터넷 구매),,,,,5,18900,,1171010400
f_f000595,한화리조트 숙박권,1,4,1208643350,(주)플레이스엠,서울 강남구 테헤란로79길 6,서울 강남구 삼성동 144-19,4166758,1168010500,,1,0,[네고왕]한화리조트 전지점 초특가 행사,
f_f000604,고속버스이용표,1,1,2198101636,(주)중앙고속,,,,,2023-05-15 21:06,1,30600,버스비,
f_f000604,고속버스이용표,2,1,2198101636,(주)중앙고속,경기 화성시 풀무골로 1,경기 화성시 영천동 651-866,3210155,4159013100,2023-05-17 19:36,1,30600,버스표,
f_f000605,도넛,1,2,1048509805,던킨,서울 용산구 한강대로 405,서울 용산구 동자동 43-205,2005005,1117010700,2023-05-17 09:05,1,7100,보스톤 크림; 쿠로미초코츄이스티; 카카오하니딥; 스트로베리먼치킨,
f_f000614,먹거리(고기; 쌈; 일회용접시; 술 등),0,1,,이마트 왕십리점,왕십리광장로 17,,,,,1,85000,,1120010100
f_f000618,숙박(조식2인포함),0,2,,라한호텔,367,,,,,1,163500,,4711312000
f_f000624,양갈비 키트,1,2,5248601528,네이버파이낸셜,경기 성남시 분당구 정자일로 95,경기 성남시 분당구 정자동 178-4,3180021,4113510300,2023-05-18 00:00,1,45290,3개월미만 프렌치랙-양갈비 양고기 밀키트 캠핑 쉽새끼 프랜치랙  프렌치렉 외 1건,
f_f000642,식음료 간식,1,4,1078163829,(주)코스트코 코리아,경기 고양시 일산동구 장백로 25,,3193029,4128510600,,3,78740,미니버터크라상;벨 위스키;하우스블렌드;파미데이즈고구마;일회용장갑,
f_f000646,주류 및 식료품; 삼겹살,0,4,,하나로마트,,,,,,1,60000,,4773043000
f_f000662,ktx교통비,2,1,3148210024,한국철도공사,대전 동구 중앙로 240,,3164033,3011011300,2023-04-27 00:00,1,54800,기차표,
f_f000663,어메이징캠프 텐트구역 입장료,1,4,2138802470,어메이징티켓(주),부산 기장군 정관읍 구연로 19,부산 기장군 정관읍 매학리 744,3140008,2671025622,2023-05-30 17:33,1,100000,텐트패키지,
f_f000693,주유,1,2,6212208285,석산알뜰주유소,경남 양산시 동면 양산대로 505,경남 양산시 동면 석산리 1512,2000032,4833031026,2023-05-25 09:59,1,50000,주유비,
f_f000701,돗자리; 여행용파우치; 세면키트; 티슈; 쿨토시,0,1,,다이소,서울 종로구 대학로 140,,,,,1,18000,,1111016900
f_f000704,소고기등심.삼겹살. 맥주. 간식.,0,3,,지마트,779-2 지마트시아점,,,,,4,68000,,4127310100
f_f000713,옷,1,1,4798500106,롯데쇼핑(주),경기 수원시 영통구 도청로 10,경기 수원시 영통구 이의동 1338,3177029,4111710300,,1,39800,,
f_f000720,육류,1,5,8158101244,11번가,서울 중구 한강대로 416,서울 중구 남대문로5가 541,2005005,1114011800,2023-05-23 12:55,1,66420,[품질보장]소고기 모듬한판구이,
f_f000724,감자튀김,1,3,7626900293,맘스터치,서울 마포구 마포대로 137,서울 마포구 공덕동 473,2113001,1144010200,2023-05-26 12:20,1,2000,케이준양념감자 중,
f_f000728,삼겹살;와인;어묵탕;라면;과일;김치찌게;쭈꾸미볶음,0,1,,이마트 청주점,,,,,,1,164000,,4311210500
f_f000731,간식   반찬,1,4,6068512413,롯데마트,부산 북구 화명대로 47,부산 북구 화명동 2273,2132002,2632010200,2023-06-02 16:45,1,73957,빙그레 꽃게랑;파스퇴르 프로바이오틱 에이요;해태 버터링 딥초코;라무따드 홀그레인머스타드;해태 자가비 짭짤한맛,
f_f000735,버스표,1,4,,경원여객,경남 진주시 남강로 698,경남 진주시 장대동 99-13,3332011,4817011700,2023-05-16 17:56,1,84400,버스표,
f_f000735,버스표,2,4,,경원여객,,,,,2023-05-16 17:56,1,21100,버스표,
f_f000744,커피,1,1,1048507883,맥도날드,서울 용산구 한강대로 405,서울 용산구 동자동 43-205,2005005,1117010700,2023-05-20 07:41,1,2600,아메리카노-M,
f_f000749,애들티2장,1,2,1208800767,(주)쿠팡,서울 송파구 송파대로 570,서울 송파구 신천동 7-30,2005011,1171010200,2023-05-30 00:00,1,17730,뉴욕꼬맹이 아동용 NY반팔 티셔츠;젤리스푼 아동용 New 베어베어 데일리 루츠핏 티셔츠,
f_f000751,허브나라농원 입장권,1,4,2240463894,허브나라농원,강원 평창군 봉평면 흥정계곡길 225,강원 평창군 봉평면 흥정리 302-7,4484429,4276034027,2023-05-29 00:00,1,14400,입장료,
f_f000757,주유,1,2,1118802290,(주)미파랑 오일뱅크,강원특별자치도 속초시 동해대로 4043,강원특별자치도 속초시 조양동 1534-1,2000023,5121010800,2023-06-04 15:03,1,30000,주유비,
f_f000783,샐러드,1,2,6298501879,슬로우캘리 마곡점,서울 강서구 마곡중앙6로 45,서울 강서구 마곡동 772-5,3155054,1150010500,2023-06-02 18:08,1,25100,부챗살 스테이크 보울;스파이시 연어 포케;환경부담금(종이봉투),
f_f000801,간식,1,2,1078657147,코레일유통주식회사(용산역),서울 영등포구 국회대로 612,서울 영등포구 당산동3가 2-7,2005008,1156011300,2023-05-27 08:37,1,4100,,
f_f000820,과자;음료,0,4,,장보고식자재마트 월배점,1380,,,,,3,9800,,2729012000
f_f000827,과자,1,3,1148101855,뉴코아,서울 서초구 잠원로 51,서울 서초구 잠원동 70-2,3121019,1165010600,2023-06-02 13:15,1,33810,통아몬드;(오아시스)곡물그대로인절미;얼려먹는 야쿠르트 애플망고;예감 오리지널;닥터유에너지바,
f_f000832,간식,1,1,1078163829,(주)코스트코 코리아,대구 동구 첨단로 10,대구 동구 신서동 1187,3142053,2714012400,2023-05-18 18:45,1,10800,치킨 살사랩;포크베이크,
f_f000839,물;소곱창,0,2,,홈플러스,475-1,,,,,1,11000,,4115010900
f_f000864,고속버스 예약,1,2,,금호고속,,,,,2023-05-31 00:00,3,76000,버스표,
f_f000877,아이들 선물,0,2,,인형 학용품,다이소,,,,,3,20000,,4122012100
f_f000904,삼겹살 콜라,0,4,,이마트대전터미널점,63-3번지,,,,,3,113020,,3011011500
f_f000912,아쿠아슈즈,0,1,,옥션,,,,,,1,20000,,4282033000
f_f000914,에코백,1,1,2138152063,(주)아성다이소,서울 강남구 논현로26길 14,서울 강남구 도곡동 450-8,4166169,1168011800,2023-05-23 19:44,1,17000,,
f_f000927,과자.음료.맥주 등등,1,4,6078539337,(주)푸드엔,부산 동래구 온천장로 24,부산 동래구 온천동 456-25,3130032,2626010800,2023-05-20 19:20,1,37320,조미쥐치포(줄쥐포)/삼양유통;소스담은 소떡소떡/와이앤비푸드,
f_f000927,과자.음료.맥주 등등,2,4,2208160348,홈플러스,부산 동래구 중앙대로 1523,부산 동래구 온천동 153-8,2000010,2626010800,2023-05-19 17:38,1,43330,서울요구르트;올리브짜파게티5입;클라우드생드래프트;바나나가득;초코가득,
f_f000933,왕복 KTX승차권,1,1,3148210024,한국철도공사,대전 동구 중앙로 240,,3164033,3011011300,2023-05-05 23:22,1,42300,기차표,
f_f000933,왕복 KTX승차권,2,1,3148210024,한국철도공사,대전 동구 중앙로 240,,3164033,3011011300,2023-05-05 23:12,1,43500,기차표,
f_f000942,주류,0,1,,이마트 창원점,경남 창원시 성산구 원이대로 608,,,,,1,13180,,4812312500
f_f000945,워터파크 입장권,1,3,1208643350,(주)플레이스엠,서울 강남구 테헤란로79길 6,서울 강남구 삼성동 144-19,4166758,1168010500,,1,20500,[네고왕]설악워터피아+뽀로로아쿠아빌리지 특가행사,
f_f000945,워터파크 입장권,2,3,5248601528,네이버파이낸셜 주식회사,경기 성남시 분당구 정자일로 95,경기 성남시 분당구 정자동 178-4,3180021,4113510300,,3,15500,,
f_f000958,롯데월드 입장권,1,3,2338503166,롯데월드 어드벤쳐 부산,부산 기장군 기장읍 동부산관광로 42,부산 기장군 기장읍 시랑리 산 46,3350834,2671025033,2023-05-21 09:28,1,28200,1 Day  종합 이용권,
f_f000958,롯데월드 입장권,2,3,2338503166,롯데월드 어드벤쳐 부산,부산 기장군 기장읍 동부산관광로 42,부산 기장군 기장읍 시랑리 산 46,3350834,2671025033,2023-05-21 09:17,1,28200,1Day종합이용권 어른,
f_f000958,롯데월드 입장권,3,3,2338503166,롯데월드 어드벤처 부산,부산 기장군 기장읍 동부산관광로 42,부산 기장군 기장읍 시랑리 산 46,3350834,2671025033,2023-05-21 10:47,3,23100,,
f_f000960,간식,1,4,,(주)에스에스지닷컴,서울 강남구 테헤란로 231,서울 강남구 역삼동 676,3122010,1168010100,2023-06-01 00:00,1,33400,크라운콘칩초당옥수수맛; 엠엔엠즈 피넛; [크라운]크라운산도 딸기크림치즈; [더리미티드]크라운 카라멜콘땅콩; 크라운 콘초,
f_f000972,참외,0,4,,홈플러스,,,,,,3,10000,,4115010900
f_f000977,식사 및 술 등,0,5,,이마트역삼점,755,,,,,1,216000,,1168010100
f_f000995,도너츠,2,4,1128542746,올드페리도넛 용산아이파크몰점,서울 용산구 한강대로23길 55,,4106418,1117012800,2023-06-02 18:28,1,24800,라즈베리 슈가볼; 크림브륄레; 보스톤크림; 피넛버터; 버터넛,
f_f001004,케이크,0,4,,자연드림,동탄산척로2가길 13,,,,,1,26000,,4159013500
f_f001019,군파크루지 탑승권,1,1,2068689631,(주)엘에스컴퍼니,제주특별자치도 제주시 청사로 11,제주특별자치도 제주시 도남동 573-2,3349193,5011012900,2023-05-19 23:41,1,30000,군파크 익스트림 루지 이용권,
f_f001020,프랜치랙; 와인; 돼지 목살; 탄산수; 비빔면; 백골뱅이탕; 해물누룽지탕; 곱창전골; 도리토스,0,1,,코스트코 양평점,65,,,,,1,231690,,1156012700
f_f001027,오이,0,3,,남성시장,동작대로 29길8,,,,,3,1000,,1165010100
f_f001038,캠핑요리 메뉴 준비,1,4,2068650913,(주)이마트,서울 성동구 뚝섬로 377,,3103010,1120011500,2023-05-23 17:52,1,104390,오리온비쵸비125G 외14건,
f_f001038,캠핑요리 메뉴 준비,2,4,2068650913,이마트,서울 성동구 뚝섬로 377,,3103010,1120011500,2023-05-23 17:52,1,104390,해태 홈런볼초코5번들;캠프&하우스그릴부어스트;무항생제갈매기살;국내산목심구이용,
f_f001051,자충매트,1,3,5248601528,네이버파이낸셜,경기 성남시 분당구 정자일로 95,경기 성남시 분당구 정자동 178-4,3180021,4113510300,2023-05-24 00:00,1,66000,메이튼 차량용 차박매트 에어매트 자충매트 캠핑 SUV,
f_f001070,과자 햇반 빵,1,4,6208517073,(주)우리마트 ,경남 창원시 진해구 용재로 40,경남 창원시 진해구 용원동 1217-3,3331043,4812916400,2023-06-02 21:20,1,10000,베이커리빵,
f_f001075,튜브,0,10,,다이소,,,,,,1,2000,,4128112800
f_f001098,신발,1,2,2018132195,(주)신세계 경기점,경기 용인시 수지구 포은대로 536,경기 용인시 수지구 죽전동 1285,2012014,4146510200,2023-05-27 17:11,3,149000,라코스테 우먼 캐쥬얼 상의,
f_f001129,고속 버스 예약,1,1,1148204922,전국버스운송사업조합연합회,서울 서초구 방배로 35,서울 서초구 방배동 1031-8,3121010,1165010100,2023-05-16 13:17,1,21700,버스표,
f_f001129,고속 버스 예약,2,1,1148204922,전국버스운송사업조합연합회,서울 서초구 방배로 35,서울 서초구 방배동 1031-8,3121010,1165010100,2023-05-18 14:30,1,21700,,
f_f001146,스지수육,0,1,,혼밤,,,,,,3,36000,,4213011000
f_f001148,고기; 새우; 조개; 꼬치,0,3,,이마트,401,,,,,1,50000,,4167010200
f_f001170,식료품,1,4,8448701735,(주)마트킹서수원점,경기 수원시 권선구 매송고색로 636-1,경기 수원시 권선구 고색동 492,3012003,4111312800,2023-06-02 15:07,1,180140,1+등급특란;이라이프위생수저;CJ/쇠고기다시다*명품골드;용기라우동기;돌얼음,
f_f001170,식료품,2,4,1248580724,주식회사 윈플러스마트남부,경기 수원시 권선구 금곡로118번길 10-31,경기 수원시 권선구 금곡동 1088,4430292,4111313400,2023-06-02 19:13,1,58039,냉동탕(식자재왕_냉이된장국);종량제(재사용_봉투);W_냉동탕(초원_황태해장국);건국푸드(우삼겹_업진양지_미국_냉동);간편육수(풀무원_물없이바로부어쓰는),
f_f001178,아기밥,1,2,1208800767,쿠팡(주),서울 송파구 송파대로 570,서울 송파구 신천동 7-30,2005011,1171010200,2023-05-26 01:57,3,4440,"아이배냇 유아용 꼬마 한끼 영양밥 레토르트영유아식,쇠고기 버섯,150g,2개",
f_f001178,아기밥,2,2,1208800767,쿠팡(주),서울 송파구 송파대로 570,서울 송파구 신천동 7-30,2005011,1171010200,2023-05-26 01:59,3,4440,"아이배넷 유아용 꼬마 한끼영양밥 레토르트영유아식,잡채밥",
f_f001179,누룽지/마카롱,1,1,2068650913,노브랜드,대전 서구 탄방로 8,대전 서구 탄방동 793,3166052,3017010600,2023-05-29 19:18,1,9980,심플잇오리지널포켓누룽지,
f_f001179,누룽지/마카롱,2,1,1012566778,얼왕 탄방225호점,대전 서구 문정로 122,대전 서구 탄방동 842,3166027,3017010600,2023-05-30 11:59,1,4800,말차초코 뚱카롱;빅카,
f_f001187,스카이캡슐,1,3,2598700262,해운대블루라인(주),부산 해운대구 청사포로 116,,3133042,2635010600,2023-05-18 15:12,1,50000,스카이캡슐미포출발청사포도착,
f_f001196,식재료 등,1,2,2208160348,홈플러스 익스프레스,경기 용인시 기흥구 새천년로16번길 3-16,경기 용인시 기흥구 신갈동 725,4412318,4146310100,2023-05-27 19:12,1,43160,풀무원_재래김전장_4;느린마을생막걸리;새송이버섯(봉);새우살;델몬트슬라이스836,
f_f001235,시외버스 티켓,2,3,1148204922,안동터미널,,,,,2023-05-22 10:55,1,54900,버스비,
f_f001240,주유,1,2,5062569271,용산주유소,경북 포항시 남구 오천읍 정몽주로 189,,3303045,4711125627,2023-06-05 12:09,1,30000,주유비,
f_f001243,음료수; 생수; 커피,0,3,,황금식자재마트,청솔로 19,,,,,1,20810,,2726010100
f_f001252,김밥,0,4,,김밥레스토랑,경기 파주시 청석로 256 교하1번가 106호,,,,,1,12500,,4148010700
f_f001257,서면 비트포비아 던전 (방탈출) 예매,1,2,4978100178,(주)비트포비아,서울 중구 통일로 92,서울 중구 순화동 1-170,3000008,1114016800,2023-06-01 10:12,1,44000,,
f_f001258,주유,1,2,7118500994,부경에너지(주) 사랑드림주유소,부산 남구 황령대로 343,부산 남구 대연동 231,2006014,2629010600,2023-05-27 14:37,1,30000,주유비,
f_f001268,과일(사과 방울토마토),0,1,,샘머리아파트 장터 과일코너,샘머리아파트,,,,,3,10000,,3017011200
f_f001275,우대갈비,1,2,5248601528,네이버파이낸셜 주식회사,경기 성남시 분당구 정자일로 95,경기 성남시 분당구 정자동 178-4,3180021,4113510300,2023-05-23 00:00,1,27900,우대갈비 LA갈비 소고기 소갈비 토마호크캠핑음식 스테이크,
f_f001281,숙소에서 먹을 안주,1,1,2068650913,이마트,부산 연제구 연수로 89,부산 연제구 연산동 822-7,3129044,2647010200,2023-05-24 21:41,1,6330,삼양 까르보불닭볶음;팔보채,
f_f001296,고속버스 티켓,1,1,8998702113,금호익스프레스(주),울산 남구 삼산로 288,,3170026,3114010600,2023-05-22 17:25,1,41600,버스표,
f_f001296,고속버스 티켓,2,1,8998702113,금호익스프레스(주),광주 서구 무진대로 904,광주 서구 광천동 49-1,2009009,2914011500,2023-05-22 17:27,1,41600,버스표,
f_f001299,삼겹살 채소 음료수,1,4,6648502037,행복식자재 극동점,경남 창원시 의창구 팔용로 438,경남 창원시 의창구 팔용동 101,3019003,4812112900,2023-06-04 10:33,1,3980,평창수; 순수; 뽀로로사과맛; 상추(봉),
f_f001299,삼겹살 채소 음료수,2,4,2271061125,총각축산,경남 창원시 의창구 팔용로 442,경남 창원시 의창구 팔용동 101-1,3019003,4812112900,2023-06-04 10:37,1,23000,돼지고기,
f_f001308,커피,1,3,5463100927,메가커피,서울 송파구 동남로 209,서울 송파구 가락동 164-19,3000034,1171010700,2023-05-29 09:39,3,8700,[포장](ICE)아메리카노;[포장](ICE)카페라떼;[포장]라임모히또,
f_f001317,꼬마김밥 10줄(가족이 구매해서 영수증 증빙이 없음),0,4,,선비꼬마김밥 이시아폴리스점,팔공로 53길 33,,,,,4,7000,,2714010500
f_f001335,주유,1,4,,청라에너지,,,,,2023-05-22 19:02,1,70000,주유비,
f_f001350,김밥,1,6,2040992731,엄마가차려주신식탁,서울 중랑구 동일로99길 46,서울 중랑구 면목동 178-39,4118142,1126010100,2023-05-28 00:00,3,13000,김밥,
f_f001365,숙소에서 먹을 음식,1,4,1188505720,(주)바로 필식자재마트 월배점,대구 달서구 월배로5길 16,,4241491,2729011800,2023-05-27 14:05,1,45980,뽀로로샤인머스켓;안성탕면컵;햇반컵반;삼양사또밥;깜지곰의달콤꿀단지팡;정담아종이컵 1줄,
f_f001372,온더플레이트 조식,0,2,,온더플레이트 조식,파라다이스호텔 부산 1층 온더플레이트,,,,,1,116000,,2635010600
f_f001406,핸드폰 삼각거치대,1,1,2138152063,(주)아성다이소,경기 수원시 장안구 서부로 2149,,3012005,4111113200,2023-05-23 21:43,1,3000,핸드폰 삼각거치대,
f_f001418,바베큐 재료,1,2,6128507180,롯데마트,경남 통영시 무전대로 65,경남 통영시 무전동 1069,2333001,4822011100,2023-05-23 16:44,1,73313,미국산 소 꽃갈비살(냉장);더한돈플러스 목심 수육용(냉장);농심 배홍동 비빔면;에델바이스 고블렛 글라스 패키지;요리하다 동치미물냉면 2인,
f_f001423,김밥,1,1,7543100964,애플꼬마김밥,충북 충주시 중앙탑면 원앙9길 15,,4515564,4313038526,2023-06-01 00:00,1,7800,참치꼬마김밥;애플꼬마김밥,
f_f001426,삼겹살6kg;등갈비3kg; 소주(면세); 맥주(면세); 쌀3kg; 육개장1box; 유부초밥1,0,16,,(주)우리미트넷 외 3곳,회안대로 71번길,,,,,1,233640,,4161025000
f_f001433,고기,1,6,2068650913,(주)이마트,서울 성동구 뚝섬로 377,서울 성동구 성수동2가 333-16,3103010,1120011500,2023-06-02 01:10,1,126560,크리스피 홀표고버섯 스낵 외 2건,
f_f001433,고기,2,6,2068650913,이마트,서울 성동구 뚝섬로 377,서울 성동구 성수동2가 333-16,3103010,1120011500,2023-06-01 23:55,1,116000,한우등심리테일팩 외 2건,
f_f001462,주유비,1,3,3028206809,영동농협주유소,충북 영동군 영동읍 난계로 875,,3243010,4374025029,2023-05-24 19:16,1,35000,주유비,
f_f001480,모둠쌈. 고구마. 간식과자. 진로. 칭따오맥주. 부채살. 우둔살.햇반,1,4,3358500126,(주)서원유통 탑마트 뉴창원점,경남 창원시 의창구 사화로17번길 3,,4781307,4812112900,2023-05-26 14:07,1,68477,CJ)햇반;칭따오(캔);진로(패트);농심)감자깡;오리온)도도한나쵸,
f_f001512,유부초밥. 간식. 생수. 컵라면 기타,0,2,,송정마트,,,,,,3,25200,,2714012400
f_f001520,식재료 및 생필품,1,2,2208160348,홈플러스,대구 달서구 월배로 183,대구 달서구 상인동 171-1,3007013,2729011500,2023-06-06 14:20,1,45000,동서식품리츠샌드위치;백두한돈돼지삼겹살,
f_f001520,식재료 및 생필품,2,2,2208160348,홈플러스,대구 달서구 월배로 183,대구 달서구 상인동 171-1,3007013,2729011500,2023-06-05 20:14,1,70900,아이비;농심바나나킥;세척깻잎_봉;스윙칩볶음고추장;듀럼밀스파게티,
f_f001532,휘발유 주유 50000,1,1,,(주)석사주유소,강원특별자치도 춘천시 공지로 49,강원특별자치도 춘천시 석사동 116-27,3218003,5111012400,2023-05-29 22:31,1,50000,주유비,
f_f001560,김밥재료,1,2,4718501663,국민마트(청당점) 농수축산물직판장,충남 천안시 동남구 광풍로 1801,충남 천안시 동남구 청당동 389-35,3015001,4413111100,2023-05-26 18:59,1,14430,속리산동동주;한성)크래미;시금치;한빛)안심특란(30구) 30입,
f_f001563,기차에서 먹을 간식(아침식사대용),1,2,6711301801,버터슈가러브,서울 은평구 진흥로5길 17,서울 은평구 역촌동 40-8,4133285,1138010800,2023-06-05 16:44,1,14200,콘치즈베이컨;핫페퍼타르트;에그타르트;초코마들렌,
f_f001567,귤  초밥 물,0,2,,롯데슈퍼,641-2,,,,,1,21000,,4711311600
f_f001582,식료품,1,2,,롯데마트,,,,,2023-06-05 11:32,1,30330,매일 바리스타 모카프레소;CJ비비고 육개장;농심 새우깡;씨제이 햇반;GAP 매운 고추,
f_f001590,스파크랜드 놀이공원 이용권,1,2,2208183676,주식회사 지마켓,서울 강남구 테헤란로 152,서울 강남구 역삼동 737,3122010,1168010100,2023-06-02 00:00,1,16000,대구 스파크랜드 통합권/점핑업존 이용권,
f_f001590,스파크랜드 놀이공원 이용권,2,2,,,,,,,2023-06-01 00:00,1,15000,대구 스파크랜드 통합권,
f_f001597,물,0,2,,씨유 대경,상강청길14,,,,,3,2000,,4824010900
f_f001598,라면 및 과자 등 주전부리,1,3,5302100258,그린할인마트,대구 중구 남산로 24,,3141001,2711015600,2023-05-25 21:13,1,13370,오리온_포카칩어니언(M);하이트진로_석수;재사용쇼핑봉투;농심_새우깡;농심_짜파게티범벅(용기면);피니 웜 젤리;해태_커졌다!코코팜(포도),
f_f001600,샌드위치/커피,1,2,2016400681,뚜레쥬르,서울 강동구 천호대로 1087,서울 강동구 천호동 447-15,2000008,1174010900,2023-06-06 08:06,1,10700,치즈어니언치킨샌드위치;아이스카페라떼R,
f_f001620,물놀이신발,0,2,,쿠팡,,,,,,1,25000,,4511312300
f_f001655,자동차 주유,1,3,1630800194,경원주유소,경북 성주군 월항면 가야로 5293,경북 성주군 월항면 유월리 1200,3322029,4784039032,2023-06-03 10:58,1,30000,주유비,
f_f001666,장거리 여행을 위한 자동차 주유,1,3,5140832711,이로운주유소,대구 남구 대명남로 30,대구 남구 대명동 1476-9,3144002,2720010300,2023-06-06 12:43,1,92049,주유비,
f_f001667,교통비,1,1,1048183559,(주)티머니,서울 중구 후암로 110,서울 중구 남대문로5가 581,3101024,1114011800,2023-05-31 06:00,1,10500,버스표,
f_f001667,교통비,2,1,2198101636,(주)중앙고속,경기 화성시 풀무골로 1,경기 화성시 영천동 651-866,3210155,4159013100,2023-05-31 05:59,1,21800,버스비,
f_f001667,교통비,3,1,1148102382,(주)한일고속,서울 서초구 신반포로 194,서울 서초구 반포동 19-4,3121017,1165010700,2023-05-31 06:23,1,29500,버스비,
f_f001671,커피,1,2,,컴포즈커피,경북 포항시 북구 이동로 48-6,경북 포항시 북구 득량동 305-1,3304050,4711311400,2023-05-29 09:50,1,3000,아메리카노(H) T/O;아메리카노(H) T/O,
f_f001676,198000,5,1,2248116882,센추리개발(주),강원특별자치도 원주시 문막읍 궁말길 193,,4457072,5113025025,2023-06-04 00:00,1,199000,,
f_f001684,전시관람입장권,1,1,2068689631,(주)엘에스컴퍼니,제주특별자치도 제주시 청사로 11,제주특별자치도 제주시 도남동 573-2,3349193,5011012900,2023-06-01 00:00,1,17000,(강릉)아르떼뮤지엄,
f_f001694,음료수,0,1,,세븐일레븐,세븐일레븐,,,,,1,7700,,4873031000
f_f001700,다과 및 음료,0,2,,파리바게트 울산다운삼성점,운곡길73,,,,,3,10000,,3111011200
f_f001738,커피,1,1,2018121515,스타벅스,울산 남구 돋질로 310,,3170015,3114010600,2023-05-27 11:05,1,10600,I-T)DCF카페라떼,
f_f001739,Itx 왕복 기차,1,1,3148210024,한국철도공사,대전 동구 중앙로 240,,3164033,3011011300,2023-05-12 00:00,1,9600,기차표,
f_f001739,Itx 왕복 기차,2,1,3148210024,한국철도공사,대전 동구 중앙로 240,,3164033,3011011300,2023-05-10 09:43,1,9600,기차표,
f_f001766,생수 2병,1,3,7457100063,OK할인마트,울산 남구 수암로22번길 12,울산 남구 신정동 1822-11,4310537,3114010400,2023-06-04 11:23,3,1000,강원평창수PET,
f_f001768,간식 과일등 식료품,1,4,5948500235,탑마트,경남 밀양시 가곡7길 24,경남 밀양시 가곡동 545-11,4808011,4827010800,2023-05-30 14:47,1,42020,수박-개/국산;동원)비피더스명장포도;고당도오렌지-개/미국;(DC)스테비아칼라토마토-팩;씨없는적포도-팩,
f_f001794,김밥,1,3,4664700689,명품달인김밥(신호점),부산 강서구 신호산단2로 55,부산 강서구 신호동 236-4,3136057,2644011700,2023-05-26 07:36,1,5700,참치김밥;애기김밥,
f_f001817,식자재,0,4,,Ok마트,,,,,,1,30000,,2771025924
f_f001827,용평리조트 패키지 (숙박; 체험; 조식; 케이블카 ),0,4,,용평리조트,용산리,,,,,1,259000,,4276038000
f_f001844,요시고사진전 입장권,2,2,2618107403,주식회사미디어앤아트,부산 부산진구 서면로 39,부산 부산진구 부전동 521-1,3129025,2623010300,2023-06-03 14:57,3,14489,요시고 사진전 - 부산(얼리버드),
f_f001879,고기,1,3,4858702933,(주)에이치스퀘어드,경기 시흥시 정왕대로 210,,2012007,4139013200,2023-05-26 20:06,1,38800,등심/로스구이,
f_f001880,연양갱; 포카리스웨트; 계란; 캔참치; 볶음고추장,0,2,,하나로마트,월드컵북로 233,,,,,1,15000,,1144012500
f_f001895,비옷,0,3,,세계로마트,벌말로32,,,,,1,3900,,4113510700
f_f001905,막걸리 쓰레기봉투 아이스크림,1,2,5078204366,남울진농협 기성지점 하나로마트,경북 울진군 기성면 척산길 29,경북 울진군 기성면 척산리 213-3,4775328,4793035021,2023-05-27 15:06,1,14380,테라(캔);쓰레기봉투 20L;부라보화이트바닐라;울진막걸리;비비빅,
f_f001911,고기,0,4,,이마트 묵동점,170-1,,,,,1,80000,,1126010400
f_f001932,없음,1,4,1486000382,CU,강원특별자치도 강릉시 사천면 진리해변길 109,강원특별자치도 강릉시 사천면 사천진리 266-20,4460926,5115036025,2023-06-02 18:46,1,15300,오리온)톡핑헤이즐넛4; 몰랑이콤팩트캔디; 대산)포켓몬우산별사; 츄파춥스게코젤리; 산리오스탠드캔디,
f_f001951,마스크팩,1,1,8098101574,CJ올리브영(주),부산 동구 중앙대로 365,부산 동구 수정동 1-10,2000010,2617010200,2023-05-27 11:02,1,8000,메디힐 워터마이드 에센 마스크셜'메디힐 티트리 에센셜 마스크;메딜힐 콜라겐 에센셜 마스크;브링그린 프레시볼팩,
f_f001982,버스표,1,1,2208742885,㈜야놀자 ,서울 강남구 테헤란로108길 42,서울 강남구 대치동 1003,4166713,1168010600,2023-06-04 13:31,1,18900,버스표,
f_f001982,버스표,2,1,2208742885,(주)야놀자,서울 강남구 테헤란로108길 42,서울 강남구 대치동 1003,4166713,1168010600,2023-06-01 16:26,1,42600,버스표,
f_f001985,식료품,1,2,6058627623,(주)스펀지마트,부산 부산진구 동평로 404,부산 부산진구 양정동 386-5,3129011,2623010100,2023-05-26 13:44,1,16260,한입육포(돈육);머)쇠고기육포;청)대추방울토마토;야)양파봉지 1봉,
f_f001985,식료품,2,2,6059171399,사천수산,부산 부산진구 중앙대로 지하 717,부산 부산진구 부전동 573-1,2000010,2623010300,2023-05-27 06:44,1,28000,,
f_f001999,음료수;삼각김밥,0,4,,Gs팰리스카운티,108 팰리카운티,,,,,1,5700,,4119010800
f_f002007,식재료 음식,1,12,2068650913,트레이더스,부산 연제구 좌수영로 241,부산 연제구 연산동 2374,3137034,2647010200,2023-06-03 12:11,1,230960,TS 마이워터 2L;갓구운 재래 식탁김;1등급이상도드람냉장;컷 파인애플;유기농 모둠쌈(팩),
f_f002010,물,0,4,,한샘마트,부평북로 343,,,,,3,2000,,2823710600
f_f002017,김밥,0,2,,김가네 김밥 잠실점,백제고분로 7길 25,,,,,1,10400,,1171010100
f_f002032,없음,1,2,5058209161,불국사농협주유소,경북 경주시 산업로 2906,경북 경주시 시래동 1148-1,3000104,4713013000,2023-05-31 12:21,3,20000,주유비,
f_f002032,없음,2,2,8188600574,포워드,경북 경주시 통일로 109-4,경북 경주시 남산동 366,3305062,4713012000,2023-05-31 12:36,1,13000,아포카토,
f_f002032,없음,3,2,8991000879,뉴전주식당,경북 경주시 영불로 260,경북 경주시 진현동 611-142,3305043,4713013400,2023-05-31 12:09,3,30000,,
f_f002042,식료품,1,4,2068650913,트레이더스 홀세일클럽,경남 양산시 평산로 16,경남 양산시 평산동 96,3338102,4833011900,2023-06-03 16:10,1,126080,T STANDARD 멀티팩 맛;요뽀끼 치즈떡볶이 12;CJ 햇반;롯데크런키빼빼로;오트밀 미니바이트 1,
f_f002045,냉동삼겹살,0,3,,믿음 정육점,정관로 718,,,,,5,32000,,2671025000
f_f002046,김밥,0,2,,유부김밥,한글비석로 396,,,,,1,7500,,1135010500
f_f002062,박물관티켓구입,1,1,5288701094,(주)코어웍스,서울 송파구 백제고분로17길 52,서울 송파구 잠실동 208-3,4169169,1171010100,2023-06-01 23:33,1,10000,경주 한국대중음악박물관(~06.30),
f_f002083,삼겹살 1kg; 목살 1kg,0,7,,내고향축산,능동로 13길 73,,,,,3,22000,,1121510700
f_f002117,김밥,0,9,,김밥나라,930-15,,,,,3,30000,,4723011300
f_f002449,카즈미 크레이터 그리들스토브,1,2,1208800767,쿠팡(주),서울 송파구 송파대로 570,서울 송파구 신천동 7-30,2005011,1171010200,2023-05-31 21:52,1,98000,,
f_f002457,서울에서 남해로 가는 버스 비용,1,3,1048183559,(주)티머니,서울 중구 후암로 110,서울 중구 남대문로5가 581,3101024,1114011800,2023-05-26 12:36,1,110100,버스표,
f_f002465,김밥,0,2,,대학로김밥,감골2로 39,,,,,3,8000,,4127110300
f_f002473,주유,1,2,3098503032,(주)미니주유소,대구 동구 화랑로 484,대구 동구 용계동 447-6,3142047,2714011900,2023-06-05 12:32,1,30000,주유비,
f_f002475,음료수; 간식,0,4,,하나로마트퇴계점,하나로마트퇴계점,,,,,3,30000,,4211012300
f_f002485,햇반4개;과자류;참치캔,0,4,,불상,부전시장,,,,,3,15600,,2623010300
f_f002492,고기; 술; 밥; 바나나 등 캠핑에 필요한 음식,0,5,,홈플러스 안동점,247-28,,,,,4,100000,,4717011300
f_f002500,삼각김밥,1,2,6424900972,GS25,전남 무안군 현경면 현해로 90-1,전남 무안군 현경면 외반리 571-25,3296042,4684034024,2023-06-08 08:10,1,2000,삼각)전주비빔;삼각)비빔참치,
f_f002501,과자 간식거리 음료수 커피 맥주 던킨도너츠,0,4,,50000,1244-1,,,,,1,15000,,2729010800
f_f002512,주유,0,2,,굿오일,,,,,,1,100000,,4167011800
f_f002514,버스표구입,1,1,,금아리무진,대구 동구 화랑로 493,,3142047,2714011900,2023-06-09 17:03,3,18000,버스표,
f_f002514,버스표구입,2,1,5028100505,금아리무진,대구 동구 화랑로 493,,3142047,2714011900,2023-06-09 00:00,1,18000,버스표,
f_f002518,닭고기.과자.젤리.설탕,1,5,5038528881,(주)장보고식자재마트(감삼점),대구 달서구 와룡로 157,대구 달서구 감삼동 472-2,3143013,2729011300,2023-06-02 15:55,1,59000,찹쌀수제비;통통이콩나물;고구마(상);주부초밥짱(4인분);찰떡볶이,
f_f002518,닭고기.과자.젤리.설탕,2,5,4908501024,(주)바로 창안 필마트,대구 달서구 달구벌대로 1360,대구 달서구 장기동 157,2007002,2729011000,2023-06-03 12:37,1,18640,큐원흰설탕;삼립)바베큐맛 스낵;제리뽀6입,
f_f002530,멀미약,0,1,,365자양미소약국,608-7,,,,,1,1000,,1121510500
f_f002579,옷,1,3,1048191189,에프알엘코리아(주) 포항장성점,경북 포항시 북구 새천년대로 1194,경북 포항시 북구 장성동 449,2303001,4711312100,2023-06-05 00:00,1,109700,리넨블렌드턱와이드팬츠;니트메쉬크루넥스웨터;AIRism브라탱크탑,
f_f002589,김밥,0,4,,오공김밥,강서구 공항대로41길 76,,,,,1,13000,,1150010200
f_f002593,경주투어 관광,0,2,,제주핫플버스,인터넷홈페이지,,,,,1,59600,,5011010400
f_f002604,경주월드 입장권,1,1,,경주월드,경북 경주시 보문로 544,경북 경주시 천군동 191-5,3305021,4713013500,2023-06-09 00:00,1,48000,,
f_f002621,새우; 염통; 고기; 상추; 마시멜로우; 쌈장; 음료; 물; 숯불; 버섯; 밀키트,0,4,,이마트,822-7,,,,,1,378000,,2647010200
f_f002662,유니폼.응원도구,0,4,,사직야구장,사직종합운동장 사직야구장,,,,,1,200000,,2626010900
f_f002677,방탈출카페 예약,1,1,4978100178,(주)비트포비아,서울 강남구 강남대로112길 34,서울 강남구 논현동 202-5,4166006,1168010800,2023-06-02 07:48,1,50000,서면 던전_날씨의 신,
f_f002691,떡; 볶음밥,0,1,,쿠팡,송파대로570,,,,,1,50300,,1171010200
f_f002695,컵라면. 맥주,0,2,,gs25 엘타워점,공지로455 1층,,,,,1,9000,,4211011700
f_f002742,생수,0,4,,GS마트,장기동2193,,,,,1,9800,,4157010400
f_f002817,간식,1,4,,파리바게뜨,전북 전주시 덕진구 오정1길 1,전북 전주시 덕진구 중동 780-1,4640745,4511313800,2023-06-05 07:23,1,7100,초코소라빵;슈크림빵NEW;유자가나슈마카롱,
f_f002821,사탕,0,1,,GS25,448,,,,,1,1000,,4817010400
f_f002865,휘발유,0,2,,광신석유,백양대로995,,,,,1,50000,,2632010500
f_f002869,봉구스밥버거,1,4,,봉구스 밥버거 매곡점,울산 북구 신기2길 23,울산 북구 매곡동 587,4316189,3120010300,2023-06-06 10:36,1,15000,,
f_f002885,물과 주전부리,1,1,,세븐일레븐,대전 동구 대전로 812,대전 동구 정동 17-1,3010002,3011011900,2023-06-03 11:46,1,5600,,
f_f002888,김밥 음료,1,3,1208800767,쿠팡(주),서울 송파구 송파대로 570,서울 송파구 신천동 7-30,2005011,1171010200,2023-06-04 15:45,1,21999,,
f_f002888,김밥 음료,2,3,3392701369,아이마트,경남 김해시 계동로23번길 12,경남 김해시 관동동 448-5,4805065,4825013000,2023-06-04 09:56,3,1180,,
f_f002888,김밥 음료,3,3,2591001274,김밥일번지,경남 김해시 계동로23번길 5,경남 김해시 관동동 449-3,4805065,4825013000,2023-06-04 09:52,3,10000,,
f_f002893,레고랜드 오후 입장권,1,3,,레고랜드코리아유한회사,강원특별자치도 춘천시 하중도길 128,강원특별자치도 춘천시 중도동 603,4454745,5111012900,2023-06-03 15:00,1,114000,입장권,
f_f002933,버스 승차권,1,1,1048183559,㈜티머니,서울 중구 후암로 110,서울 중구 남대문로5가 581,3101024,1114011800,2023-06-04 02:55,1,7500,버스비,
f_f002933,버스 승차권,2,1,1048183559,(주)티머니,서울 중구 후암로 110,서울 중구 남대문로5가 581,3101024,1114011800,2023-06-04 16:08,1,7500,버스표,
f_f003168,커피.티즐,0,2,,Cu시지월드점,64-13,,,,,1,4100,,2726011400
f_f003234,과일 음료 과자등 간식거리,1,4,5948500235,(주)서원유통 탑마트,경남 밀양시 가곡7길 24,경남 밀양시 가곡동 545-11,4808011,4827010800,2023-06-17 14:31,1,60200,피자빵; 해태)포키; 보리건빵; 동원)비피더스명장기획; 남양)떠먹는불가리스기획,
f_f003237,커피,0,2,,메가커피,안마산로133,,,,,4,5000,,4211012300
f_f003246,빵;쥬스;참외;물 등,0,2,,농공할인마트,금포시장길 16,,,,,3,18000,,2771025300
f_f003333,기차티켓,1,1,3148210024,한국철도공사,대전 동구 중앙로 240,,3164033,3011011300,2023-06-07 17:43,1,14500,기차표 ,
f_f003363,지인선물,0,2,,롯데백화점 울산점(블루독 베이비),삼산로 288,,,,,1,49500,,3114010600
f_f003373,승용차 기름 주유,1,2,6062268116,가락타운주유소,부산 사상구 낙동대로 730,부산 사상구 엄궁동 158-1,2006002,2653010800,2023-06-27 08:18,1,60000,주유비 ,
f_f003389,경주월드 티켓 간식,1,1,,뚜레쥬르,,,,,2023-06-19 08:54,1,11350,,
f_f003389,경주월드 티켓 간식,2,1,,경주월드,경북 경주시 보문로 544,경북 경주시 천군동 191-5,3305021,4713013500,2023-05-31 16:44,1,36900,종일이용권,
f_f003389,경주월드 티켓 간식,3,1,,경주월드,경북 경주시 보문로 544,경북 경주시 천군동 191-5,3305021,4713013500,2023-05-31 16:45,1,36900,입장권,
f_f003454,간식,1,2,1088208530,관악농협 하나로마트,서울 동작구 여의대방로 2,서울 동작구 신대방동 565-22,3118028,1159010900,2023-06-23 18:45,1,11020,정통단팥빵/삼립식품;토마토;맥심티오피 마스터라떼;삼립 정통보름달;제주삼다수,
f_f003459,레일바이크,0,2,,정선레일바이크,노추산로 745,,,,,1,30000,,4277037000
f_f003471,스마텍유선보조배터리,1,1,7520102431,CU,경북 포항시 남구 중흥로 94,경북 포항시 남구 상도동 609-3,3303049,4711110100,2023-06-17 11:37,1,16500,스마텍유선보조배터리 ,
f_f003488,보조배터리,1,1,,,,,,,2023-06-18 00:00,1,9900,,
f_f003506,커피 두잔,2,2,2018121515,스타벅스,경기 군포시 산본로 398,경기 군포시 산본동 1099-1,3200016,4141010400,2023-06-18 07:12,3,9400,T)콜드브루;I-T)아메리카노 ,
f_f003563,주유비,1,1,6068606150,SK행복충전 대천충전소,경남 진주시 강남로 15,경남 진주시 주약동 776-39,3332003,4817010200,2023-07-03 18:20,1,40415,주유비,
f_f003628,주유,1,1,8918702313,장복주유소,경남 창원시 진해구 진해대로 650,경남 창원시 진해구 경화동 1202-7,2000030,4812913900,2023-06-23 11:46,1,20000,주유비,
f_f003636,고속버스예매,2,1,2198101636,(주)중앙고속,경기 화성시 풀무골로 1,경기 화성시 영천동 651-866,3210155,4159013100,2023-07-01 18:41,1,18900,버스표,
f_f003639,커피,1,1,4543700988,세븐일레븐,경기 용인시 수지구 수지로 75,경기 용인시 수지구 상현동 1099,3205012,4146510700,2023-06-25 08:36,1,2400,세븐카페)아메리카노(R),
f_f003643,워터파크 입장권,1,2,1208643350,(주)플레이스엠,서울 강남구 테헤란로79길 6,서울 강남구 삼성동 144-19,4166758,1168010500,2023-06-27 00:00,1,54110,A종일권 대인,
f_f003731,블루원 워터파크 입장권,1,6,2208742885,㈜야놀자,서울 강남구 테헤란로108길 42,서울 강남구 대치동 1003,4166713,1168010600,2023-07-01 00:15,1,154000,[토요일]올인패키지2인키즈콤비권,
f_f003731,블루원 워터파크 입장권,2,6,2208742885,㈜야놀자,서울 강남구 테헤란로108길 42,서울 강남구 대치동 1003,4166713,1168010600,2023-07-01 00:09,1,86000,[토요일]올인패키지  1인권,
f_f003796,스타벅스 음료,1,2,2018121515,스타벅스,서울 마포구 마포대로 130,서울 마포구 공덕동 254-8,2113001,1144010200,2023-07-18 09:30,3,21500,한 입에 쏙 고구마;I-G)아메리카노;I-G)유자 민트 티;한입에 쏙 알밤;프리미엄 바나나 ,
f_f003854,SUP요가 사전 예약,0,1,,크레이지서퍼스,광남로48번길 29 1층,,,,,1,10000,,2650010400
f_f003880,용산 ㅡ 춘천 ITX 티켓 왕복,0,2,,한국철도공사,중앙로 240,,,,,1,48800,,3011011300
f_f003916,하이네켄 4캔,0,3,,GS25 동래포레스트점,쇠미로153,,,,,1,9000,,2626010800
f_f004020,해운대 블루라인파크 스카이캡슐&탑승권,1,2,8248102515,주식회사 인터파크트리플,서울 강남구 삼성로 512,,3122005,1168010500,2023-07-20 15:58,1,41040,부산 해운대 블루라인파크,
f_f004050,과일 및 레트로트,1,4,2068650913,이마트,서울 은평구 은평로 111,서울 은평구 응암동 90-1,3111007,1138010700,2023-07-25 19:57,3,58600,노르웨이간고등어(특);파머스픽 유명산지8미;찰옥수수;유기농 제스프리 썬골드;피코크 초계국수,
f_f004069,식음료,0,3,,이마트,묵동자이,,,,,1,120000,,1126010400
f_f004159,찹쌀떡,1,2,6030455239,파리바게뜨,부산 금정구 중앙대로 2238,부산 금정구 노포동 133,2000010,2641010200,2023-08-03 10:21,1,1800,명가찹쌀떡 ,
f_f004173,시외버스,0,2,,전국고속버스운송사업,19-4,,,,,1,82400,,1165010700
f_f004209,고속/시외버스 티켓(편도로 각각 구매),1,1,,한일고속,,,,,2023-07-10 05:44,3,28500,버스표,
f_f004209,고속/시외버스 티켓(편도로 각각 구매),2,1,,금아리무진,대구 동구 화랑로 493,대구 동구 용계동 442-1,3142047,2714011900,2023-07-12 10:53,1,7900,버스비,
f_f004222,식재료,1,2,2068650913,이마트,대구 달서구 이곡동로 24,,3147034,2729010800,2023-07-08 11:26,1,69320,산미구엘;진로;농심 자갈치;오뚜기 3분카레약간매운맛;타이거,
f_f004253,고기,0,2,,육즙,2232-22,,,,,1,78000,,2711015700
f_f004375,간식,1,2,1078657147,스토리웨이,경북 경주시 건천읍 경주역로 80,,3353983,4713025626,2023-07-17 09:24,3,2800,현대)미에로화이바;크라운)마이쭈딸기,
f_f004381,라면,0,2,,이마트이동점,이동 이마트,,,,,3,3000,,4711311500
f_f004383,음료와 피자,0,2,,포항이동이마트,이동이마트,,,,,4,50000,,4711311400
f_f004389,캠핑용먹거리,0,6,,홈플러스,896,,,,,1,265440,,4111113600
f_f004420,과자,0,1,,올리브영 아차산역점,구의동 665 54-1 1층 104호  110호  111호,,,,,1,3600,,1121510300
f_f004448,음식,0,3,,남산정육,455,,,,,1,150000,,4719011000
f_f004461,서핑 예약 / 밀푀유나베 구입,1,2,2365500588,칠시커(CHILLSEEKER),강원특별자치도 양양군 현북면 하조대해안길 77,강원특별자치도 양양군 현북면 하광정리 596-7,4505212,5183033030,2023-07-05 09:11,1,60000,체험서핑강습,
f_f004461,서핑 예약 / 밀푀유나베 구입,3,2,1208800767,쿠팡(주),서울 송파구 송파대로 570,서울 송파구 신천동 7-30,2005011,1171010200,2023-07-13 00:49,1,21900,마이셰프 밀푀유나베&칼국수,
f_f004462,식료품,0,3,,롯데마트 송천점,송천중앙로82,,,,,1,91400,,4511312100
f_f004465,잠옷,1,4,3474800589,앤칸토,부산 기장군 정관읍 산단4로 139,부산 기장군 정관읍 달산리 1207,3140028,2671025625,2023-07-11 14:27,1,91600,커플잠옷 세트 ,
f_f004484,바베큐용 음식,0,2,,홈플러스 울산점,울산 중구 번영로475 홈플러스 울산점,,,,,1,100000,,3111010300
f_f004515,커피 & 음료,1,3,2310602749,세븐일레븐,울산 남구 번영로16번길 6-6,울산 남구 야음동 471-168,4310293,3114010800,2023-07-14 09:21,1,7200,마쉼카페라떼;마쉼아메리카노;미스티)신짱구미코코(포도),
f_f004519,주유,1,1,6102739600,다운타운주유소,울산 남구 화합로 61,울산 남구 야음동 20-10,3011003,3114010800,2023-07-13 13:40,1,40000,주유비,
f_f004524,고기;회,0,6,,이마트 칠성점,이마트,,,,,1,159960,,2723010200
f_f004534,과일등 간식,1,5,7608702678,(주)빅마트(안동),경북 안동시 보현로 41,경북 안동시 용상동 1076-40,3352525,4717011000,2023-07-24 19:02,1,52260,수박;알뜰야채;천도복숭아;파워 마운틴;농심인기스낵4번들,
f_f004590,음식,1,2,2068650913,노브랜드,경기 광주시 태전동로 25,경기 광주시 태전동 162-5,3351610,4161011000,2023-07-22 10:28,1,64900,부추(봉);종량제봉투;차돌된장찌개;노브랜드 냉동 차돌박이;밥도둑 주꾸미제육볶음,
f_f004590,음식,2,2,2768701984,(주)제이피유통,경기 광주시 태전동로 27-1,경기 광주시 태전동 160-7,3351610,4161011000,2023-07-22 10:37,1,6480,농심)새우깡;삼다수;칵테일얼음;오리온)포카칩오리지날,
f_f004628,전날 기름 7만원. 편의점,1,1,5364600623,장성우리주유소,경북 포항시 북구 삼흥로 157,경북 포항시 북구 장성동 471,3304015,4711312100,2023-07-21 18:15,1,70000,주유비,
f_f004628,전날 기름 7만원. 편의점,2,1,2815500666,GS25,경북 포항시 북구 동빈로 77,경북 포항시 북구 동빈1가 84-74,3304008,4711311000,2023-07-21 14:35,1,1600,티젠말차라떼,
f_f004649,캡모자,0,2,,엠엘비,롯데백화점,,,,,1,20000,,1171010100
f_f004696,빵,1,2,2062453227,파리바게뜨,서울 성동구 왕십리광장로 17,서울 성동구 행당동 168-151,3103005,1120010700,2023-07-30 07:23,1,7100,초코 왕소라빵 플러스;고소한버터핑거스틱;재생쇼핑백,
f_f004718,음료수; 과자,0,4,,GS25,서울 서대문구 가재울미래로 2 203동 101호,,,,,3,24000,,1141012000
f_f004778,소고기;돼지고기;새우,0,3,,코스트코,구매한지 오래되서 영수증이 없습니다 돼지고기는 얻은거고 소고기는 5만원 새우 19800원이라고 하네요,,,,,3,69800,,2650010400
f_f004797,삼겹살,1,5,1389083817,하이축산,경기 의왕시 부곡시장길 34,경기 의왕시 삼동 166-50,4403074,4143010300,2023-07-28 11:53,1,76000,,
f_f004821,주유비,0,4,,에이원주유소,야은로 191,,,,,1,30000,,4719010300
f_f004836,기차표,1,1,3148210024,한국철도공사,대전 동구 중앙로 240,,3164033,3011011300,2023-07-30 13:23,3,70000,기차표,
f_f004863,숙소 예약,0,1,,락희원,황남동 214-2,,,,,1,70000,,4713011000
f_f004879,과자,0,2,,서울영동농협하나로마트 내곡점,서울 서초구 헌릉로 176,,,,,1,5000,,1165010900
f_f004895,모자,0,1,,신세계백화점 천안아산점 캡텐,신세계백화점 천안아산점 2층,,,,,1,43000,,4413111800
f_f005005,유아구명조끼,0,2,,쿠팡,남산로,,,,,1,25820,,2711015600
f_f005006,동대구>청송 버스티켓,1,2,5028100859,아성고속,대구 동구 장등로 24,대구 동구 신천동 126-4,3142038,2714010200,2023-07-20 07:20,1,17800,버스표,
f_f005006,동대구>청송 버스티켓,2,2,5028100859,(주)아성고속,대구 동구 장등로 24,대구 동구 신천동 126-4,3142038,2714010200,2023-07-29 07:20,1,17800,버스표,
f_f005006,동대구>청송 버스티켓,3,2,,청송버스터미널,경북 청송군 청송읍 중앙로 184,,3303047,4775025021,2023-07-29 15:59,1,35600,버스표 ,
f_f005019,구매안함,0,2,,규매안함,집에서 다 챙겨감..ㅠㅜ,,,,,1,0,,4111513700
f_f005035,물 음료 과일,0,3,,우리마트,,,,,,1,15000,,2632010300
f_f005104,기차표(돌아오는 건 취소/교통영역 기타로 금액입력완료)와 남이섬 입장권,1,4,3148210024,한국철도공사,대전 동구 중앙로 240,,3164033,3011011300,2023-07-01 17:55,3,5900,기차표,
f_f005104,기차표(돌아오는 건 취소/교통영역 기타로 금액입력완료)와 남이섬 입장권,3,4,2208742885,(주)야놀자 ,서울 강남구 테헤란로108길 42,서울 강남구 대치동 1003,4166713,1168010600,2023-07-30 10:15,1,54000,남이섬 입장권,
f_f005106,스파랜드 이용권,1,2,5248601528,네이버파이낸셜주식회사,경기 성남시 분당구 정자일로 95,경기 성남시 분당구 정자동 178-4,3180021,4113510300,2023-07-27 00:00,1,34000,[부산]센텀 스파랜드,
f_f005114,음료,1,4,2018121515,스타벅스,서울 용산구 한강대로 405,서울 용산구 동자동 43-205,2005005,1117010700,2023-08-06 09:48,1,23800,I-TR)트렌타 CHBT;I-G)아메리카노;I-V)아메리카노;I-T)카페라떼,
f_f005141,차에서 먹을 간식거리,0,4,,코스트코,유통로78-12,,,,,1,100000,,3120012100
f_f005156,아르떼뮤지엄 티켓,1,4,2118841856,㈜티몬,서울 강남구 압구정로 118,서울 강남구 신사동 529-4,3122007,1168010700,2023-08-18 00:00,3,66000,[황금연휴여행]쿠폰할인 강릉 아르떼뮤지엄 미디어아트 전시회,
f_f005185,남이섬 입장권,1,2,2208742885,(주)야놀자,서울 강남구 테헤란로108길 42,서울 강남구 대치동 1003,4166713,1168010600,2023-07-31 04:50,1,25075,남이섬 입장권 ,
f_f005212,컵라면;김밥,0,2,,김가네 김밥,화정동979-2,,,,,1,15000,,4128112300
f_f005214,기차표,1,2,3148210024,한국철도공사,대전 동구 중앙로 240,,3164033,3011011300,2023-08-02 09:37,3,3900,기차표 ,
f_f005221,삼겹살,1,2,8022600764,향아축산물프라자,대구 달서구 이곡공원로 21-1,대구 달서구 이곡동 1238-4,3147033,2729010800,2023-08-03 09:05,1,13000,,
f_f005240,주류 음료 간식,1,11,2068650913,트레이더스 홀세일클럽,경기 군포시 삼성로 74,경기 군포시 부곡동 1227-1,3200026,4141010300,2023-08-04 15:32,1,144740,TS 마이워터;클라우드 생드래프트;빅크라상15입;에반 윌리엄스 블랙;꼬꼬망쥐포,
f_f005268,고속버스,1,2,3538700773,(주)동부고속,서울 서초구 신반포로 194,서울 서초구 반포동 19-4,3121017,1165010700,2023-08-24 09:18,1,44600,버스표,
f_f005275,수영복,1,1,,Cider Holding Limited,,,,,2023-07-28 13:17,3,31320,Shop in Cider ,
f_f005291,음료수,0,2,,수서역 세븐일레븐,서울 강남구 밤고개로 99,,,,,1,5000,,1168011500
f_f005333,식품,1,4,2138152063,(주)아성다이소,경북 구미시 야은로 288,경북 구미시 봉곡동 42-2,3018024,4719010400,2023-08-01 15:59,1,17200,매장용 종이 소비자봉투(대);F카놀라유;오리온왕고래밥볶음양념맛;일품국내산쇠고기육포;샘표질러순수육포,
f_f005333,식품,2,4,8354201098,디씨식자재마트,경북 구미시 고아읍 들성로 101-1,경북 구미시 고아읍 원호리 229,3308013,4719025331,2023-08-01 16:34,1,46300,매일우유;짜요짜요복숭아;천마란;신재사용봉투;흑임자우유,
f_f005348,편의점에서 차에서 먹을거구매,1,3,8377100305,CU,서울 도봉구 우이천로4라길 33,서울 도봉구 창동 504-11,4127305,1132010700,2023-08-02 07:19,1,11000,빅컵얼음;HEYROO미네랄워터;서울)흰우유;삼립)포켓몬초코쿠키;삼립)포켓몬카라멜빵,
f_f005393,조식1인권/삼양목장입장권3매/워터파크입장1인,1,3,2208742885,㈜야놀자,서울 강남구 테헤란로108길 42,서울 강남구 대치동 1003,4166713,1168010600,2023-08-02 00:00,3,33000,[강원 평창]대관령 삼양목장,
f_f005393,조식1인권/삼양목장입장권3매/워터파크입장1인,3,3,2208183676,주식회사 지마켓,서울 강남구 테헤란로 152,서울 강남구 역삼동 737,3122010,1168010100,2023-08-02 00:00,1,45000,(휘닉스파크 평창 온도)조식 뷔페,
f_f005410,수영복,0,1,,주식회사 카카오스타일,마포대로 217,,,,,1,43990,,1144010100
f_f005485,스파더스페이스표,0,4,,스파더스페이스,유산군령로 250,,,,,1,84800,,4812531000
f_f005495,강촌레일바이크,1,3,2218138586,(주)강촌레일파크,강원특별자치도 춘천시 신동면 김유정로 1383,강원특별자치도 춘천시 신동면 증리 323-2,3218006,5111033024,2023-08-17 16:41,1,48000,김유정역 ,
f_f005512,축구 티켓,1,2,1448125090,NHN링크,서울 구로구 디지털로26길 72,서울 구로구 구로동 222-22,4148327,1153010200,2023-07-25 23:57,1,202000,,
f_f005513,주유비,1,1,6068536735,광신석유(주)백양대로,부산 북구 백양대로 995,부산 북구 구포동 1097-3,2006008,2632010500,2023-08-25 21:29,1,30186,주유비,
f_f005528,경주월드 입장권,1,2,2208742885,(주)야놀자 ,서울 강남구 테헤란로108길 42,서울 강남구 대치동 1003,4166713,1168010600,2023-07-29 16:00,1,40256,캘리포니아비치&경주월드 이용원,
f_f005551,음식,1,5,2158547695,(주)서원유통 탑마트,경남 진주시 에나로128번길 28,경남 진주시 충무공동 289-6,3350071,4817013700,2023-08-05 20:36,1,77866,농심)쫄병스낵안성탕면맛;농심)쫄병스낵바베큐맛;오리온)눈을감자;꽃상추;오리온)포카칩어니언,
f_f005556,음식 일체+ 주류,0,11,,봉평농협하나로마트,기풍로92,,,,,1,263910,,4276034000
f_f005590,보조배터리,1,2,7598700350,모즈온 주식회사,서울 영등포구 영등포로 109,서울 영등포구 당산동2가 30-2,3118022,1156011200,2023-08-02 17:23,1,14900,1+1 일체형 도킹형 미니 5000mAh 보조배터리 C타입 모즈온,
f_f005676,구명조끼,1,1,5248601528,네이버파이낸셜 주식회사,경기 성남시 분당구 정자일로 95,경기 성남시 분당구 정자동 178-4,3180021,4113510300,2023-08-09 00:00,1,45900,베베누보 힙쉴드 아기 아동 구명조끼 수영 보조용품,
f_f005759,백룡동굴체험비,1,1,2258300903,평창군청,강원특별자치도 평창군 평창읍 군청길 77,강원특별자치도 평창군 평창읍 하리 210-2,4484034,5176025023,2023-08-13 21:59,1,36000,,
f_f005780,스노쿨링장비,1,2,2241383742,신성레포츠,강원특별자치도 원주시 라옹정길 74-42,강원특별자치도 원주시 관설동 1664-14,4457179,5113011600,2023-08-01 23:11,1,28000,아넥스 일안식 성인 스노쿨링세트,
f_f005803,경주월드 입장 티켓,1,3,5058515586,경주월드,경북 경주시 보문로 544,경북 경주시 천군동 191-5,3305021,4713013500,2023-08-06 00:42,1,24000,입장권,
f_f005803,경주월드 입장 티켓,2,3,5058515586,경주월드,경북 경주시 보문로 544,경북 경주시 천군동 191-5,3305021,4713013500,2023-08-06 15:42,1,24000,입장권,
f_f005803,경주월드 입장 티켓,3,3,5058515586,경주월드,경북 경주시 보문로 544,경북 경주시 천군동 191-5,3305021,4713013500,2023-08-10 15:19,1,24000,입장권,
f_f005847,숙소; 기차(srt),0,2,,그리고경주,156-3,,,,,5,200000,,4713010900
f_f005939,고기 파채 술 음료 라면 밀키트 햇반,1,2,2208160348,홈플러스,인천 미추홀구 소성로 6,,3151009,2817710200,2023-08-23 18:21,1,57320,백두한돈돼지 삼겹살;파채;인하점재사용봉투;화요17도;클라우드생드래프트,
f_f005943,아르떼뮤지엄 강릉 입장권,1,2,2118841856,(주)티몬,서울 강남구 압구정로 118,서울 강남구 신사동 529-4,3122007,1168010700,2023-07-29 00:00,1,36000,입장권+TEA BAR,
f_f005946,미포 해변열차티켓,1,3,2598700262,해운대블루라인(주),부산 해운대구 청사포로 116,,3133042,2635010600,2023-08-15 00:00,1,94000,캡슐(미포)+해변열차(청사포)-탑승권,
f_f005956,음식 재료 및 음료와 종이컵,1,5,7098501520,(주)장보고식자재마트,경북 경산시 중앙초등길 92,,4739673,4729011700,2023-08-15 10:09,1,49230,(행사)진라면(매운맛);종이냉음료컵 1줄;(행사)맥스부탄 1줄;깻잎 2입/국산;깐대파 / 국산,
f_f005983,음식,1,1,2068650913,이마트,부산 남구 전포대로91번길 47,부산 남구 문현동 751,4006033,2629010900,2023-08-12 22:06,1,121690,청정원고기쌈장;청양고추(봉);오이맛고추(봉);노브랜드알로에 1.5L;노브랜드베트남쌀국수,
f_f006029,경주세계자동차박물관 표,1,1,5058177658,(주)경주세계자동차박물관,경북 경주시 보문로 132-22,경북 경주시 북군동 66,3305021,4713014000,2023-08-16 13:07,1,9800,입장권,
f_f006047,워터파크 티켓,1,2,,휘닉스평창 블루캐니언,강원특별자치도 평창군 봉평면 태기로 174,강원특별자치도 평창군 봉평면 면온리 1095-1,3228037,5176034025,2023-08-05 00:00,1,103600,입장권,
f_f006070,영화관람 비용,1,2,4148502280,메가박스,대구 동구 팔공로49길 51,,4226406,2714010500,2023-08-13 15:04,1,0,관람권,
f_f006083,숙소; 래프팅,0,3,,어메이징래프팅,태봉로 1828,,,,,1,99000,,4278025900
f_f006173,요트투어비용,0,9,,코마린요트,엑스포로10-29,,,,,5,880000,,4221010800
f_f006334,간식,0,2,,하나로마트,농협하나로마트,,,,,3,10000,,4377025021
f_f006346,버스표,1,1,1268100825,(주)대원고속 울산터미널,경기 광주시 광주대로 171,,2211001,4161010300,2023-08-09 12:09,1,9400,버스표 ,
f_f006346,버스표,2,1,,경남고속뉴부산,부산 금정구 중앙대로 2008,부산 금정구 남산동 118-8,2000010,2641010400,2023-08-09 14:47,1,9400,버스비,
f_f006359,딥바닐라라떼; 아이스 아메리카노,0,2,,안녕;커피,마린2차푸르지오 상가,,,,,3,7000,,4812916300
f_f006362,주유,1,3,6888500277,(주)외동(상)주유소,경북 경주시 외동읍 상석길 58-70,,4715611,4713025923,2023-08-19 10:30,1,80000,주유비,
f_f006381,식재료 및 간식,0,4,,노브랜드,83-5,,,,,2,83500,,4817013700
f_f006389,돈까스 도시락,0,1,,김밥일번지,345-3,,,,,3,8000,,4812310500
f_f006403,물,1,1,2208160348,홈플러스,강원특별자치도 원주시 치악로 1489,강원특별자치도 원주시 관설동 1453,3219054,5113011600,2023-08-24 14:44,1,109470,맑은샘물;불빛팽이플라잉세트;베이직오버핏반팔티;린넨ST칠부셔츠;레이어드레터오버티,
f_f006525,낙곱새,1,4,1078163829,(주)코스트코코리아,경남 김해시 주촌면 선천남로 16,경남 김해시 주촌면 천곡리 1522,3351852,4825032024,2023-08-17 11:21,1,84890,우삼겹낙곱새;ASAHI DRAFT CAN,
f_f006550,펜션에서 먹을거리,0,9,,롯데마트,신천대로214,,,,,1,240000,,2623010800
f_f006660,튜브; 휴대폰 방수 케이스; 스노쿨링 장비,0,2,,다이소 비트플렉스 왕십리역점,비트플렉스 3층,,,,,3,30000,,1120010700
f_f006667,주유,1,1,5120833577,서부공항주유소,경북 예천군 예천읍 예성로 894,경북 예천군 예천읍 지내리 412-1,3323007,4790025029,2023-08-13 14:49,1,30000,주유비,
f_f006667,주유,2,1,1298200103,한국도로공사,경북 김천시 혁신8로 77,경북 김천시 율곡동 941,3306066,4715012000,2023-08-13 17:38,1,2700,통행료,
f_f006667,주유,3,1,1298200103,한국도로공사,경북 김천시 혁신8로 77,경북 김천시 율곡동 941,3306066,4715012000,2023-08-13 15:34,1,2700,통행료,
f_f006668,피자,0,3,,피자헛,경남 진주시 에나로 142,,,,,1,21000,,4817013700
f_f006687,요시고사진전티켓,1,2,2618107403,주식회사미디어앤아트,부산 부산진구 서면로 39,부산 부산진구 부전동 521-1,3129025,2623010300,2023-04-12 22:31,1,15000,요시고 사진전-부산(얼리버드),
f_f006716,핸드폰 방수팩,0,1,,쿠팡,7-30,,,,,1,10235,,1171010200
f_f006718,식량,1,5,2068650913,이마트,경북 경산시 옥산로 227,경북 경산시 중산동 623,3313051,4729011000,2023-08-12 22:16,1,160720,빙그레 더위사냥커피;롯데 돼지바;빙그레 요맘때 딸기;롯데 거북알초코;롯데 옥동자,
f_f006751,양고기; 오리고기; 청국장밀키트; 소세지; 무쌈; 쌈장; 햇반; 파김치; 모듬버섯; 수박,0,2,,쿠팡,,,,,,5,123650,,1171010200
f_f006760,물,0,2,,세븐일레븐 대구지산더샵점,지산로3길 63,,,,,3,2000,,2726011200
f_f006775,경주월드 티켓(기존첨부),1,4,,경주월드,경북 경주시 보문로 544,경북 경주시 천군동 191-5,3305021,4713013500,2023-08-09 20:50,1,24000,,
f_f006775,경주월드 티켓(기존첨부),2,4,1138521083,경주월드주식회사,서울 구로구 디지털로26길 72,서울 구로구 구로동 222-22,4148327,1153010200,2023-08-09 20:51,1,24000,,
f_f006775,경주월드 티켓(기존첨부),3,4,,경주월드,경북 경주시 보문로 544,경북 경주시 천군동 191-5,3305021,4713013500,2023-08-09 20:54,1,24000,,
f_f006775,경주월드 티켓(기존첨부),4,4,,경주월드,경북 경주시 보문로 544,경북 경주시 천군동 191-5,3305021,4713013500,2023-08-09 20:52,1,24000,,
f_f006800,썬크림,0,1,,식물나라산소수워터프루프선스프레이,방어진순환도로652,,,,,1,14800,,3117010300
f_f006867,스타벅스 샐러드,0,2,,스타벅스 송파나루역DT점,59-9,,,,,4,13000,,1171010400
f_f006921,도시락준비,0,4,,엔마트,풍무로 118,,,,,1,13460,,4157010700
f_f007010,주유,1,2,2228113569,삼척주유소,강원특별자치도 삼척시 동해대로 4190,강원특별자치도 삼척시 교동 98-1,2000023,5123010600,2023-08-15 11:25,1,27000,주유비,
f_f007082,이삭토스트;아이스아메리카노,0,2,,이삭토스트,이삭토스트 신평점,,,,,1,10500,,2638010400
f_f007095,조개 새우 구이 세트 (택배),0,4,,바다식객,반여로 185번길 80(반여동),,,,,1,25800,,2635010300
f_f007131,숙소,0,6,,삼척들레펜션,용화안길 690,,,,,5,220000,,4223031000
f_f007193,강릉또강릉 패스권,0,2,,강릉또강릉,강변로172번길 13-1 2층 (우 : 25585),,,,,4,35600,,4215011600
f_f007205,와인,1,1,,(주)나림,대구 중구 동성로3길 67,대구 중구 공평동 57-6,4223085,2711012200,2023-08-27 18:11,1,29800,,
f_f007209,음료수와 김밥,1,2,6190760999,gs25,서울 광진구 동일로 178,,3000001,1121510700,2023-08-21 10:20,1,7700,포카리;참치김치김밥,
f_f007245,얼음컵; 음료,0,2,,CU대전관평중앙점,대전 유성구 테크노1로 12-21 STOM2차,,,,,1,5000,,3020014600
f_f007246,공연티켓,1,2,8248102515,(주)인터파크트리플,서울 강남구 삼성로 512,,3122005,1168010500,2023-06-16 00:00,3,335200,관람권 ,
f_f007335,모자,0,1,,토마토앤비,143-1,,,,,1,17000,,3014010100
f_f007437,김밥,1,4,3691200260,얌샘김밥,서울 중랑구 신내로 211,서울 중랑구 신내동 646,3106007,1126010600,2023-08-29 10:16,1,10300,[포장]참치샐러드김밥;[포장]통새우김밥,
f_f007494,고기 컵라면 과자 음료수 맥주,0,2,,롯데마트엄궁점,롯데마트,,,,,4,38060,,2653010800
f_f007514,양고기,0,6,,초이유통,222-2,,,,,1,72670,,4145012200
f_f007515,방수팩,1,2,1378532096,롯데마트,인천 서구 검단로744번3길 14,인천 서구 불로동 793-2,4268141,2826012100,2023-08-16 19:22,1,14800,,
f_f007525,연태고량주 코카콜라제로 무알콜클라우드 아이시스2L,1,2,6052157263,JC마트,부산 부산진구 가야대로 635-12,부산 부산진구 당감동 109-4,2006015,2623010900,2023-08-21 10:54,1,15950,연태고량주;무알콜클라우드;아이시스2L;코카콜라제로캔,
f_f007535,숙박시설만 예약함,0,4,,호텔파티오,동해대로 5180,,,,,1,150000,,4282033000
f_f007550,아홉산숲 입장권/요시고 사진전 입장권/루지 이용권,1,2,2068689631,(주)엘에스컴퍼니,제주특별자치도 제주시 청사로 11,제주특별자치도 제주시 도남동 573-2,3349193,5011012900,2023-08-16 15:36,1,5000,[부산]기장 아홉산숲,
f_f007550,아홉산숲 입장권/요시고 사진전 입장권/루지 이용권,2,2,3058800859,스카이라인루지 부산,부산 기장군 기장읍 기장해안로 205,부산 기장군 기장읍 시랑리 산 46,3140057,2671025033,2023-08-16 15:49,1,62700,탑승권,
f_f007550,아홉산숲 입장권/요시고 사진전 입장권/루지 이용권,3,2,2618107403,주식회사미디어앤아트,서울 성동구 아차산로17길 49,,4109391,1120011500,2023-08-16 17:47,1,30000,[일반권]요시고사진전-부산,
f_f007550,아홉산숲 입장권/요시고 사진전 입장권/루지 이용권,4,2,2888102529,부산요트투어요트더퀸(주),부산 해운대구 센텀1로 28,부산 해운대구 우동 1523,3133011,2635010500,2023-08-16 17:09,1,58800,부산요트투어 20명만 탑승 ,
f_f007567,방탈출카페 예약금,0,2,,비밀의화원 서면점,191-3 지하1층,,,,,5,20000,,2623010300
f_f007631,맥주 새우깡,1,3,6880902024,GS25,강원특별자치도 속초시 노리5길 5,강원특별자치도 속초시 노학동 330-1,4469017,5121010700,2023-09-03 19:41,1,7000,테라캔;농심새우깡봉지 ,
f_f007688,물,0,3,,미주공판장,이충로60,,,,,1,5000,,4122010900
f_f007700,삼겹살,1,3,1179135085,경창축산,서울 양천구 중앙로53길 56,서울 양천구 신월동 463-11,4142389,1147010300,2023-08-14 16:49,1,30000,,
f_f007719,삼각대,1,2,1208800767,쿠팡(주) ,서울 송파구 송파대로 570,서울 송파구 신천동 7-30,2005011,1171010200,2023-08-16 22:31,1,18240,셀루미 고강성 퍼포먼스 삼각대+홀더+리모컨 세트,
f_f007810,금오산랜드 입장권,1,2,5248601528,네이버파이낸셜주식회사 ,경기 성남시 분당구 정자일로 95,경기 성남시 분당구 정자동 178-4,3180021,4113510300,2023-08-16 00:00,1,24000,[하동]금오산랜드 물썰매장 외1건,
f_f007948,헤이즐넛커피; 약과쿠키; 블루레몬에이드,0,3,,CU 안산댕이골점,1347-2,,,,,1,8700,,4127110300
f_f007961,요시고 사진전 티켓 시뢰버스 티켓,2,1,1048183559,(주)티머니,서울 중구 후암로 110,서울 중구 남대문로5가 581,3101024,1114011800,2023-08-15 17:08,1,12000,버스표,
f_f008053,렌트,1,2,2208791595,(주)그린카,서울 강남구 테헤란로70길 16,서울 강남구 대치동 890-38,4166755,1168010600,2023-08-20 10:07,1,64560,,
f_f008053,렌트,2,2,,(주)그린카,서울 중구 통일로 92,서울 중구 순화동 1-170,3000008,1114016800,2023-08-20 23:12,1,26860,렌트비,
f_f008072,먹거리 샀습니다 !,1,2,2208160348,홈플러스,경북 경주시 공단로 97,경북 경주시 용강동 800-11,3305008,4713012500,2023-08-17 15:07,1,69080,미닛메이드오랜지;펩시콜라;빼빼로아몬드;육개장사발면;생마늘쌈장,
f_f008082,해변열차,1,2,1018190575,(주) 현대이지웰,서울 서대문구 충정로 23,서울 서대문구 충정로3가 470,3112011,1141010200,2023-08-22 00:00,3,12800,[부산]해운대 블루라인파크 해변열차 1회 승차권(1인권),
f_f008096,음식,1,3,4488200590,하양농협 하나로마트,경북 경산시 하양읍 대학로 1517-6,,3313081,4729025021,2023-08-16 17:48,1,48272,청상추;M시그니처 오리훈제슬라이스;홀그레인머스타드;대림선 부어스트콤비네이션;사과,
f_f008180,소고기 야채 술 음료수 햇반,0,2,,코스트코코리아 김해점,선천남로 16,,,,,1,235300,,4825032000
f_f008203,요시고 전시 예매,1,2,2618107403,주식회사 미디어앤 아트,서울 성동구 아차산로17길 49,,4109391,1120011500,2023-08-17 11:40,3,30000,요시고 사진전-부산,
f_f008373,요석궁 1779 예약금,1,2,5248601528,네이버파이낸셜주식회사,경기 성남시 분당구 정자일로 95,경기 성남시 분당구 정자동 178-4,3180021,4113510300,2023-08-14 00:00,1,60000,요석궁1779,
f_f008400,시외버스 사전 예매,1,1,1048183559,(주)티머니 ,서울 중구 후암로 110,서울 중구 남대문로5가 581,3101024,1114011800,2023-08-08 09:22,1,12000,버스표,
f_f008406,참깨라면; 칭따오맥주,0,2,,하나로마트 청라점,청라에메랄드로 99,,,,,1,14800,,2826012200
f_f008438,스타벅스 커피,0,2,,스타벅스 물금Dt점,스타벅스,,,,,1,13900,,4833025321
f_f008445,오션월드 입장권,2,2,2208183676,주식회사 지마켓,서울 강남구 테헤란로 152,서울 강남구 역삼동 737,3122010,1168010100,2023-08-21 00:00,1,52530,[단독특가]오션월드 워터파크 종일권+구명조끼,
f_f008473,배비치블랙 쇼비뇽블랑(선물받음),0,1,,더현대 서울,22,,,,,4,19000,,1156011000
f_f008547,런닌맹 입장권,1,2,5248601528,네이버파이낸셜주식회사 ,경기 성남시 분당구 정자일로 95,경기 성남시 분당구 정자동 178-4,3180021,4113510300,2023-08-18 18:31,1,28800,강릉점1인 입장권,
f_f008555,콘서트 티켓,0,2,,인터파크,1342,,,,,1,300000,,2647010100
f_f008571,텐트대여,1,1,,필립스가든,경남 김해시 생림면 인제로 545-61,경남 김해시 생림면 나전리 30-22,3335051,4825035021,2023-08-17 13:18,1,10000,,
f_f008572,김밥,1,3,3493300655,수미네 김밥,대구 달성군 다사읍 대실역남로 94,대구 달성군 다사읍 죽곡리 851-7,3148058,2771025627,2023-08-26 10:49,1,12000,야채김밥;참치김밥;계란폭탄,
f_f008584,녹차,1,4,2018121515,스타벅스,강원특별자치도 동해시 동해대로 5453,강원특별자치도 동해시 평릉동 163-3,2000023,5117010200,2023-08-20 11:53,1,6800,G)제주유기농말차 F ,
f_f008610,방수가방,1,1,8048601690,주식회사 티엘팩토리,서울 강북구 도봉로 274-1,,3005039,1130510100,2023-08-20 18:01,3,13400,방수슬링백,
f_f008730,술,0,2,,롯데슈퍼 수성점,대구 수성구 수성로 227 롯데슈퍼 수성점,,,,,1,32000,,2726010800
f_f008752,간식메뉴,1,3,1382201043,GS25,강원특별자치도 강릉시 동해대로 3292,강원특별자치도 강릉시 죽헌동 305-1,2000023,5115013300,2023-08-20 09:53,1,19500,농심새우깡봉지;토레타더락토;풀)돈까스덮밥;야채샐러드퍼플;야채샐러드레드,
f_f008761,스파더스페이스 입장권,0,2,,스파더스페이스,유산군령로 250,,,,,1,18600,,4812531000
f_f008807,고속버스 2명 왕복티켓,1,2,2208742885,㈜야놀자 ,서울 강남구 테헤란로108길 42,서울 강남구 대치동 1003,4166713,1168010600,2023-08-17 00:01,1,40470,버스비,
f_f008807,고속버스 2명 왕복티켓,2,2,2208742885,㈜야놀자 ,서울 강남구 테헤란로108길 42,서울 강남구 대치동 1003,4166713,1168010600,2023-08-24 02:02,1,39710,버스비,
f_f008830,페달앤패들 체험활동 예약,1,2,3253600382,광안리 해양 레포츠 센터,부산 수영구 광안해변로54번길 222,부산 수영구 남천동 148-103,4214083,2650010500,2023-08-18 00:00,1,70000,페달앤패들,
f_f008838,울산행 시외버스 좌석티켓,0,2,,(주)울산정류장,1481-1,,,,,1,18600,,3114010600
f_f008866,흠뻑쇼 티켓,1,4,8248102515,주식회사 인터파크 ,서울 강남구 삼성로 512,서울 강남구 삼성동 157-1,3122005,1168010500,2023-06-07 00:00,1,667200,관람권,
f_f008870,고속버스 티켓,1,2,1388128578,(주)동양고속,서울 서초구 신반포로 194,서울 서초구 반포동 19-4,3121017,1165010700,2023-08-24 19:04,1,23100,버스비,
f_f008870,고속버스 티켓,2,2,1388128578,(주)동양고속,서울 서초구 신반포로 194,서울 서초구 반포동 19-4,3121017,1165010700,2023-08-26 18:02,1,25400,기차표,
f_f008870,고속버스 티켓,3,2,1388128578,(주)동양고속,서울 서초구 신반포로 194,서울 서초구 반포동 19-4,3121017,1165010700,2023-08-26 18:06,1,25400,버스비,
f_f008870,고속버스 티켓,4,2,1388128578,(주)동양고속,서울 서초구 신반포로 194,서울 서초구 반포동 19-4,3121017,1165010700,2023-08-24 19:03,1,23100,버스비,
f_f008923,센텀스파랜드입장권3장과 요트투어입장권3장 미리구매했습니다,1,3,2208742885,주식회사 야놀자,서울 강남구 테헤란로108길 42,서울 강남구 대치동 1003,4166713,1168010600,2023-08-13 00:00,3,46000,부산센텀 스파랜드 831스파랜드 입장권,
f_f008923,센텀스파랜드입장권3장과 요트투어입장권3장 미리구매했습니다,3,3,6393101266,부산요트투어 위드요트,부산 해운대구 해운대해변로 84,,3133043,2635010500,2023-08-21 00:00,3,89700,부산야경 더베이101 요트 탑승예약권,
f_f009030,구명조끼;캘리포니아비치,0,2,,캘리포니아비치,191-5,,,,,1,55800,,4713013500
f_f009064,보조배터리,1,1,1078657147,스토리웨이,강원특별자치도 춘천시 공지로 591,,3218003,5111011700,2023-08-21 12:14,1,11400,드리온)8핀포켓미,
f_f009115,하이패스충전,1,1,6070932742,세븐일레븐,부산 연제구 법원로16번길 10,부산 연제구 거제동 1497-2,4211188,2647010100,2023-08-20 11:08,1,20000,하이패스카드충전서비스 ,
f_f009153,버스예매,1,3,,시외버스 모바일(티머니),서울 중구 후암로 110,서울 중구 남대문로5가 581,3101024,1114011800,2023-08-20 19:23,1,23100,버스비,
f_f009153,버스예매,2,3,1048183559,시외버스 모바일(티머니),서울 중구 후암로 110,서울 중구 남대문로5가 581,3101024,1114011800,2023-08-18 21:51,1,18000,버스비,
f_f009165,주유비,1,4,8368500686,지에스칼텍스(주) 진주혁신도시주유소,경남 진주시 동진로 581,경남 진주시 충무공동 222-1,3332077,4817013700,2023-08-20 10:23,1,98450,주유비,
f_f009168,커피,1,1,1906100639,컴포즈커피,대구 달서구 월배로33길 125,,4241483,2729012000,2023-08-20 10:47,3,3000,,
f_f009569,과자 음료수,0,3,,하나유통,이곡공원로 83,,,,,3,9000,,2729011100
f_f009605,공연관람 티켓,2,1,2208802594,멜론티켓,경기 성남시 분당구 판교역로 221,경기 성남시 분당구 삼평동 672,3179025,4113510900,2023-07-06 17:37,1,66000,관람권,
f_f009733,모래놀이세트,0,1,,다이소,75,,,,,1,3000,,4729011500
f_f009746,음식,1,2,1208800767,쿠팡(주),서울 송파구 송파대로 570,서울 송파구 신천동 7-30,2005011,1171010200,2023-08-26 10:35,1,37860,우리식품 파채무침 소스;곰곰 국내산 파채;모아미트 캐나다산 보리먹인 암퇘지 삼겹 목살 항정살 모둠팩 구이용(냉장);프레시지 고깃집 된장찌개 밀키트,
f_f009779,이온음료,0,1,,코레일유통주식회사,울산 남구 산업로 654,,,,,1,1500,,3114010600
f_f009787,과자 2개,0,1,,다이소 용산아이파크몰점,서울 용산구 한강대로23길 55 현대아이파크몰 지하 1층,,,,,1,2000,,1117012800
f_f009827,김밥 2줄,1,2,,명품김밥,,,,,2023-08-28 07:14,1,5000,,
f_f009858,에너지바; 포카리 스웨트 큰페트,0,1,,써니마트,경남 창원시 의창구 서상로 46,,,,,1,6000,,4812110300
f_f010006,롯데월드 어드벤쳐 부산 after3 표,1,2,2338503166,롯데월드 어드벤쳐 부산,부산 기장군 기장읍 동부산관광로 42,부산 기장군 기장읍 시랑리 산 46,3350834,2671025033,2023-08-23 08:27,1,64800,After 3 종합이용권 어른 ,
f_f010035,사전예약 케이크,0,1,,Oct.4,수영로522번길 62 1층,,,,,5,23000,,2650010200
f_f010136,요시고 사진전 티켓구매,1,1,2618107403,주식회사미디어앤아트,서울 성동구 아차산로17길 49,,4109391,1120011500,2023-09-01 14:41,1,15000,[일반권]요시고 사진전 - 부산 입장권 ,
f_f010197,캘리포니아비치 입장권,0,2,,캘리포니아비치,,,,,,1,57800,,4713013500
f_f010208,주유소,0,1,,(주)더케어웅촌구도일,웅촌로 504 1층,,,,,1,50000,,3171034000
f_f010239,숙취해소 젤리,1,2,5543300596,미니스톱,부산 기장군 정관읍 정관5로 12,부산 기장군 정관읍 매학리 723,3140043,2671025622,2023-08-26 11:11,3,3900,삼양사)상쾌한스틱,
f_f010249,옥수수수염차,0,1,,StoryWay,전농동588-1,,,,,1,1000,,1123010400
f_f010276,오션월드 입장권 및 코인충전,1,2,2208183676,주식회사 지마켓,서울 강남구 테헤란로 152,서울 강남구 역삼동 737,3122010,1168010100,2023-08-18 10:26,1,56480,,
f_f010276,오션월드 입장권 및 코인충전,2,2,2238108341,소노인터내셔널,강원특별자치도 홍천군 서면 한치골길 262,,4475627,5172037023,2023-08-28 12:39,1,80000,선불충전,
f_f010285,보조배터리,0,1,,쿠팡-누아트,송파대로 570 8~26층,,,,,5,8480,,1171010200
f_f010340,주유,1,3,5142162529,동양주유소,대구 달서구 월곡로 149,대구 달서구 상인동 1170,3147029,2729011500,2023-08-22 19:05,1,50000,주유비 ,
f_f010650,입장권 및 캠핑카바나,1,10,5668701096,㈜위메프,서울 강남구 영동대로 502,,2122002,1168010500,2023-08-25 00:00,1,330000,오션월드 극성수기-입장권,
f_f010650,입장권 및 캠핑카바나,2,10,2238108341,(주)소노인터내셔널,강원특별자치도 홍천군 서면 한치골길 262,,4475627,5172037023,2023-08-26 00:00,1,230000,캠핑카바나 예약,
f_f010698,기능성반팔티,0,1,,롯데마트 이천점,474,,,,,3,29800,,4150010700
f_f010742,아르떼 뮤지엄 티켓,0,2,,아르떼 뮤지엄,초당동 505,,,,,4,40000,,4215011200
f_f010783,요시고 사진전 티켓,1,2,,요시고 사진전 부산,,,,,2023-08-17 00:00,1,30000,[일반권]요시고 사진전 - 부산 입장권 ,
f_f010802,커피,1,1,3771302344,맨날맨날커피,경북 칠곡군 동명면 금암중앙길 71-1,경북 칠곡군 동명면 금암리 320,4766094,4785032030,2023-08-23 17:25,3,2000,ICE아메리카노,
f_f010814,아쿠아삭스,1,2,5248601528,NAVER FINANCIAL,경기 성남시 분당구 정자일로 95,경기 성남시 분당구 정자동 178-4,3180021,4113510300,2023-08-09 00:00,1,6800,올리민 빠지 남여 공용 아쿠아삭스,
f_f010870,라이언홀리데이 인 부산 입장권2매,1,2,2208742885,(주)야놀자,서울 강남구 테헤란로108길 42,서울 강남구 대치동 1003,4166713,1168010600,2023-08-02 16:18,1,15000,라이언 홀리데이 인 부산 체험관 입장권,
f_f010886,버스표,0,3,,부산종합버스터미널,133,,,,,1,66000,,2641010200
f_f010933,주유,1,3,2218211963,동춘천농협 클린주유소,강원특별자치도 춘천시 동내면 학곡동2길 17,강원특별자치도 춘천시 동내면 학곡리 590,4454748,5111039025,2023-08-26 10:58,1,40000,주유비,
f_f010988,바베큐용 펜션 물품 및 식재료,1,2,2208160348,홈플러스,대구 수성구 동대구로 95,대구 수성구 두산동 113,3007004,2726011100,2023-08-23 21:48,1,40500,움트리육류생와사비;기름떡볶이;해찬들사계절쌈장;한끼신선 새송이 슬;칼집그릴비엔나,
f_f010989,가평맛남샌드,2,2,8598501937,(주)파리크라상,경기 가평군 설악면 미사리로 540,경기 가평군 설악면 미사리 274-9,3216014,4182031026,2023-09-03 14:43,1,32000,가평 맛남샌드,
f_f011248,기차표,1,2,3148210024,한국철도공사,대전 동구 중앙로 240,,3164033,3011011300,2023-08-30 21:32,1,27600,기차표 ,
f_f011248,기차표,3,2,3148210024,한국철도공사,대전 동구 중앙로 240,,3164033,3011011300,2023-08-30 21:33,1,27600,기차표 ,
f_f011329,고속버스 탑승권,1,2,1048183559,티머니GO,서울 중구 후암로 110,서울 중구 남대문로5가 581,3101024,1114011800,2023-08-10 16:04,1,89200,버스표,
f_f011416,마이구미 젤리 1개; 맥스봉 2개; 포켓몬 빵 1개,0,2,,Cu 현대아파트점,거제대로 37 (양정동  현대2차아파트),,,,,1,4700,,2623010100
f_f011464,반월당 닭강정,1,2,1078657147,스토리웨이,대구 동구 동대구로 550,,3007004,2714010100,2023-08-24 12:21,1,4000,(순)싱글컵 치킨,
f_f011476,흠뻑쇼 티켓,1,2,3798101210,피네이션_SJ_당일,서울 강남구 논현로151길 21,서울 강남구 신사동 563-2,4166144,1168010700,2023-07-13 00:00,3,315200,관람권 ,
f_f011487,대구이월드예매,0,2,,주식회사야놀자,산302-11,,,,,1,81800,,2729010200
f_f011529,클럽디오아시스 통합권(이벤트 당첨),1,1,1208160844,갤럭시아머니트리(주),서울 강남구 광평로 281,,3122002,1168011500,2023-08-20 19:45,1,100,입장권,
f_f011559,돗자리,0,1,,당근거래,서울 중랑구 면목로33길 38 1층,,,,,5,1000,,1126010100
f_f011568,소고기;주류;간식,0,2,,롯데마트,,,,,,1,98000,,3114010500
f_f011601,요트투어,1,2,1411401840,부산요트투어 요트다,부산 해운대구 해운대해변로 84,,3133043,2635010500,,1,38000,,
f_f011809,마시는 멀미약,0,2,,하늘약국,한누리대로253 에스빌딩1층,,,,,1,1400,,3611010700
f_f011818,시외버스 티켓,1,2,1268100825,(주)대원고속,경기 광주시 광주대로 171,,2211001,4161010300,2023-08-29 17:27,1,17000,버스표 ,
f_f011818,시외버스 티켓,2,2,6058121736,부산서부버스터미널(주),부산 사상구 사상로 201,,3132023,2653010400,2023-08-28 13:10,1,34000,기차표,
f_f011907,시외버스표,1,2,,금아여행,,,,,2023-08-28 20:40,1,9500,버스표,
f_f011907,시외버스표,3,2,,고려여객(자주),,,,,2023-08-28 09:20,1,9500,버스비,
f_f011915,마트 장보기,1,4,1588601452,김해중소유통물류협동조합,경남 김해시 서김해산단안길 56,경남 김해시 풍유동 1005-3,4857152,4825011100,2023-08-24 00:00,1,74420,수박;자숙연근채(중국산);부추/1단;완도어린미역;나이스)매운닭발(냉장),
f_f011944,식료품,1,4,4738100089,주식회사 컬리페이,서울 강남구 테헤란로 133,,3122010,1168010100,2023-08-22 13:56,1,157242,[중앙닭강정]닭강정 달콤한 맛,
f_f011950,주유,1,1,3048506034,단양팔경(춘천)주유소,충북 단양군 단성면 하방3길 100,충북 단양군 단성면 하방리 56,4544523,4380036025,2023-08-26 15:20,1,70000,주유비,
f_f011953,컴포즈 커피,0,2,,컴포즈 커피,컴포즈 커피 달동점,,,,,1,7600,,3114010500
f_f011963,시외버스,1,2,1048183559,(주)티머니,서울 중구 후암로 110,서울 중구 남대문로5가 581,3101024,1114011800,2023-08-12 20:03,1,44200,버스표 ,
f_f011963,시외버스,2,2,1048183559,(주)티머니,서울 중구 후암로 110,서울 중구 남대문로5가 581,3101024,1114011800,2023-08-12 20:03,1,53000,버스표 ,
f_f012115,시외버스 탑승권 영수증,1,1,1048183559,㈜티머니,서울 중구 후암로 110,서울 중구 남대문로5가 581,3101024,1114011800,2023-09-09 20:45,1,9800,버스비,
f_f012115,시외버스 탑승권 영수증,2,1,1048183559,㈜티머니,서울 중구 후암로 110,서울 중구 남대문로5가 581,3101024,1114011800,2023-09-10 19:13,1,9800,버스비,
f_f012122,식당예약,1,2,,파라다이스 호텔,부산 해운대구 해운대해변로 296,부산 해운대구 중동 1408-5,3133043,2635010600,2023-08-30 13:56,3,189002,Lunch Buffet,
f_f012122,식당예약,2,2,6188100741,파라다이스호텔 부산 온더 플레이트,부산 해운대구 해운대해변로 296,,3133043,2635010600,2023-08-30 12:30,3,189000,식사권,
f_f012136,두근두근도라에몽전 인터파크로 얼리버드 했어요,1,2,5418801094,주식회사 우리공간연구소,경기 파주시 회동길 483,경기 파주시 문발동 635-2,4418895,4148011500,2023-08-27 00:00,3,21000,[대구전시]두근두근도라에몽전 ,
f_f012150,시외버스,1,1,1048183559,티머니,서울 중구 후암로 110,서울 중구 남대문로5가 581,3101024,1114011800,2023-08-26 16:29,3,21200,버스표 ,
f_f012158,물,1,1,,,,,,,2023-08-24 11:36,3,2000,,
f_f012158,물,2,1,,GS25,경남 진주시 남강로 705-1,경남 진주시 장대동 95-9,3332011,4817011700,2023-08-24 11:11,1,1000,,
f_f012367,기름,1,2,6068536735,광신석유(주)백양대로,부산 북구 백양대로 995,,2006008,2632010500,2023-08-27 13:15,1,50610,주유비 ,
f_f012381,손톱네일,0,1,,어뮤즈무드,칠곡중앙대로 52길 3,,,,,5,20000,,2723012600
f_f012415,삼겹살,0,2,,이마트 오산점,경기 오산시 경기대로 181 오산이마트,,,,,1,13400,,4137010300
f_f012420,소리단길 투어티켓,1,5,5248601528,네이버파이낸셜주식회사,경기 성남시 분당구 정자일로 95,경기 성남시 분당구 정자동 178-4,3180021,4113510300,2023-08-14 00:00,1,29700,창원 로컬 핫플관광 소리단길골목투어 시즌2,
f_f012420,소리단길 투어티켓,2,5,5248601528,NAVER FINANCIAL,경기 성남시 분당구 정자일로 95,경기 성남시 분당구 정자동 178-4,3180021,4113510300,2023-08-14 00:00,1,19800,창원 로컬 핫플 관광 소리단길골목투어 시즌2,
f_f012427,커피,1,2,6284900452,하삼동커피,부산 사상구 엄궁북로 49,부산 사상구 엄궁동 42-74,3139016,2653010800,2023-09-09 16:20,1,5300,아메리카노(ICE);바나나주스,
f_f012473,커피,1,4,2018121515,스타벅스,대전 대덕구 한밭대로 1122,,2010004,3023010900,2023-08-26 09:48,1,16500,TR)트렌타IC;I-T)아메리카노;I-V)아메리카노;I-T)아메리카노,
f_f012540,시외버스 표,1,1,,전북고속,,,,,2023-09-06 16:29,3,18600,버스표,
f_f012570,암튜브,1,2,1208800767,(주)쿠팡,서울 송파구 송파대로 570,서울 송파구 신천동 7-30,2005011,1171010200,2023-08-31 18:46,3,11100,A GREAT GARDEN 수영 팔 튜브,
f_f012585,소고기;꽃게탕;소주.맥주;음료수;햇반;생수;컵밥;야채,0,4,,산포하나로마트,전남 나주시 한빛로171,,,,,1,98150,,4617013400
f_f012625,케이블카 티켓,1,2,2208796800,(주)스마트인피니,서울 강남구 압구정로42길 27,서울 강남구 신사동 643-22,4166523,1168010700,2023-08-23 21:32,1,39200,춘천 삼악산 케이블카 크리스탈캐빈,
f_f012670,버스표,1,2,2198101636,(주)중앙고속,경기 화성시 풀무골로 1,경기 화성시 영천동 651-866,3210155,4159013100,2023-08-24 00:57,1,44600,버스표 ,
f_f012670,버스표,2,2,3538700773,(주)동부고속,서울 서초구 신반포로 194,서울 서초구 반포동 19-4,3121017,1165010700,2023-08-24 00:51,1,34400,버스비,
f_f012678,식재료,0,4,,지에스더프레쉬 파주청암점,산내마을1단지 제상가동101-104호,,,,,1,4480,,4148011700
f_f012727,기차표,1,2,3148210024,한국철도공사 ,대전 동구 중앙로 240,대전 동구 소제동 293-74,3164033,3011011300,2023-08-19 23:05,1,12700,기차표,
f_f012740,서핑교육 서핑체험 보드대여 수트대여 관광버스 패키지상품,1,1,,바루서프 강릉,강원특별자치도 강릉시 옥계면 헌화로 241-2,강원특별자치도 강릉시 옥계면 금진리 330,3220051,5115035029,2023-08-26 00:00,1,88000,강습+보드&슈트렌탈+프립왕복버스,
f_f012757,왕복 시외버스 표,1,1,1048183559,티머니GO,서울 중구 후암로 110,서울 중구 남대문로5가 581,3101024,1114011800,2023-09-09 19:43,1,15800,버스비,
f_f012776,아르떼 뮤지엄 네이버 예약,1,2,2068689631,(주)엘에스컴퍼니,제주특별자치도 제주시 청사로 11,제주특별자치도 제주시 도남동 573-2,3349193,5011012900,2023-08-30 14:17,1,17000,[강릉]아르떼뮤지엄 입장권 ,
f_f012970,해변열차,0,1,,해운대블루라인파크,부산 해운대구 달맞이길62번길 13,,,,,5,12000,,2635010600
f_f012980,고기 야채 순ㆍ,1,4,6248700414,주식회사 와이식자재마트,전북 남원시 서문로 28-5,,3271047,4519010800,2023-08-25 22:05,1,31680,아이존밥이보약수저세트 10SET;샘표)청양고추와홍고추로고기맛살;카프리(병);진로이즈백PET;농심) 백산수 2L,
f_f012980,고기 야채 순ㆍ,2,4,4118602518,초원물류,전북 남원시 서문로 32,전북 남원시 왕정동 140-14,3271047,4519010800,2023-08-26 00:00,1,42080,적상추;깻잎;청량고추;팽이버섯;한돈 목살 구이용,
f_f012980,고기 야채 순ㆍ,3,4,8648601673,주식회사 백비에스,대구 수성구 지범로 165,대구 수성구 지산동 1276-11,3146024,2726011200,2023-08-23 11:44,1,33800,캠핑음식 요리 닭꼬치 파닭 염통 모듬 수제꼬치 구이 12종,
f_f012992,휴대용 튜브용기; 가글; 블루원 입장권,0,2,,다이소; 티몬(인터넷),,,,,,1,84700,,4729025621
f_f012993,출발 전 취식할 간단한 음식,1,1,6098537112,세븐일레븐,경남 창원시 의창구 반계로 98,경남 창원시 의창구 팔용동 122,3327019,4812112900,2023-08-28 11:29,1,3700,남양)초코에몽;롯데)NEW참치김밥,
f_f013016,요시고 사진전 티켓,1,1,,요시고 사진전-부산,부산 부산진구 서면로 39,부산 부산진구 부전동 521-1,3129025,2623010300,2023-08-28 00:00,1,15000,요시고 사진전 입장권 ,
f_f013019,고기.마른안주.과자,1,11,1068307115,명성(준)마트,서울 용산구 두텁바위로 54-99,서울 용산구 용산동2가 2,3102002,1117010200,2023-08-24 13:12,1,29190,맛있는오뚜기밥;액티비아 병 플레인;더블링 콘&스윗치즈;하우스 그릴 부어스트;존쿡델리미트 킬바사,
f_f013019,고기.마른안주.과자,3,11,1068307115,명성(준)마트,,,,,2023-08-24 12:59,1,56140,육개장사발면;오뚜기 참깨라면;신라면컵;튀김우동컵;마늘빵아몬드,
f_f013019,고기.마른안주.과자,4,11,2068650913,이마트,경기 안산시 단원구 원포공원1로 46,경기 안산시 단원구 초지동 742-4,3191064,4127310700,2023-08-25 17:48,1,20120,코카콜라;러빙홈 분식용기;뿌)테이크아웃컵;모아모아;러빙홈 종이공기,
f_f013019,고기.마른안주.과자,5,11,1849600086,배큰푸드,경기 부천시 지봉로 114,경기 부천시 역곡동 85-7,3185016,4119010700,2023-08-24 15:04,1,123300,돈생삼겹살;고기장사 정육,
f_f013141,아이스크림; 과자,0,2,,아이슈크림,동명로 113 1층,,,,,1,3700,,2629010700
f_f013177,차리프  클래스 예약금,1,2,1424000858,차리프,강원특별자치도 강릉시 토성로 165-6,강원특별자치도 강릉시 임당동 21-1,3220046,5115010500,2023-08-28 18:35,1,20000,차리프 ,
f_f013198,주류 고기류 치즈,1,2,,(주)에스에스지닷컴,,,,,2023-08-29 00:00,1,31421,돈마루 무항생제 삼겹살 구이용;청해명가[냉동][국산]통마리 국산 오징어채;[무항생제 해발500]냉장등심덧살구이용;[냉장]설성 무항생제 한돈 등갈비,
f_f013198,주류 고기류 치즈,2,2,8708801143,주식회사 에스에스지닷컴,서울 강남구 테헤란로 231,서울 강남구 역삼동 676,3122010,1168010100,2023-08-31 00:00,1,15280,노브랜드 레모네이드;치즈플래터;피코크 감바스 스파이시;웅진식품 티즐 제로 스파클링 유자그린티 기획팩;배송비,
f_f013251,아메리카노2잔,0,1,,반야월사주카페,신안동17-4,,,,,3,10000,,4817012500
f_f013263,커피 및 간식,1,4,1293213748,CU,경기 수원시 영통구 봉영로1517번길 23,경기 수원시 영통구 영통동 970-5,4331088,4111710500,2023-08-26 08:07,1,7100,허쉬아몬드 초콜릿;허쉬밀크 초콜릿;콘트라블랙 샷P;제주삼다수P,
f_f013267,베이글,1,3,4920901424,이디야커피,서울 구로구 오류로8길 65,,4148422,1153010800,2023-08-27 15:20,1,6700,(베이글)어니언;대파베이컨 크림치즈 베이글,
f_f013387,연극 티켓,1,1,8248102515,(주)인터파크,서울 강남구 삼성로 512,,3122005,1168010500,2023-08-27 00:00,1,80000,아트플러스 씨어터 관람권,
f_f013407,모종삽,0,2,,평촌이마트,1608,,,,,1,2500,,4117310200
f_f013421,스노쿨링 장비,1,1,5248601528,NAVER FINANCIAL,경기 성남시 분당구 정자일로 95,경기 성남시 분당구 정자동 178-4,3180021,4113510300,2023-08-27 00:00,1,43520,투사 TUSA 리프투어러 RC-1117Q 성인용 스노클링 마스크 세트,
f_f013512,과자,1,2,1634800870,에이스마트,서울 구로구 오리로 1309,서울 구로구 궁동 278-2,3000022,1153010900,2023-09-09 08:45,1,4650,해태)구운양파;오)오감자딥바베;쌀새우깡,
f_f013565,휘발유,1,2,6068546188,에스씨(주)새문주유소,부산 사상구 학감대로 30,부산 사상구 학장동 48,2006017,2653010700,2023-09-03 21:30,1,50000,주유비,
f_f013609,주유,1,3,6912100951,조양주유소,대구 중구 달구벌대로 2194,대구 중구 대봉동 21-7,2007002,2711015700,2023-09-16 10:16,1,50000,주유비,
f_f013692,음료수게토레이,1,1,4108605870,GS25 ,전북 전주시 덕진구 가리내로 70,,3267002,4511310700,2023-08-28 12:54,1,2090,메가볼츠,
f_f013850,주유,1,4,5488501319,현대오일뱅크(주)직영 장호셀프주유소,서울 광진구 자양로 37,서울 광진구 자양동 677-5,3104010,1121510500,2023-09-06 11:26,1,93000,주유비,
f_f013855,아이스 아메리카노,1,1,1138144055,(주)다날,경기 성남시 분당구 분당로 55,경기 성남시 분당구 서현동 266-1,3180026,4113510500,2023-08-30 12:01,1,1350,,
f_f013861,유류대,0,4,,알뜰세원주유소,275-43,,,,,1,50000,,2653010700
f_f014019,주유,1,2,5158512077,(주)태산이앤엘제2강변주유소,경북 경산시 하양읍 대경로 559,경북 경산시 하양읍 부호리 143-1,3000047,4729025031,2023-09-08 17:12,1,30000,주유비,
f_f014100,데이비드호크니 전시회 예매,1,2,1208147521,주식회사 카카오,제주특별자치도 제주시 첨단로 242,제주특별자치도 제주시 영평동 2181,3349191,5011013600,2023-07-21 12:07,1,15000,[얼리버드/부산]데이비드 호크니&브리티시 팝아트 ,
f_f014183,커피,0,2,,빽다방,546-11,,,,,1,4500,,1121510300
f_f014287,기차표 예매,0,2,,코레일,190,,,,,1,34800,,4211011700
f_f014523,요시고 사진전 얼리버드 티켓 (경로 기입할때 적긴했는데 한번 더 확인차 적었습니다),1,3,2618107403,주식회사미디어앤아트,부산 부산진구 서면로 39,부산 부산진구 부전동 521-1,3129025,2623010300,2023-04-16 15:48,1,22500,요시고 사진전-부산 입장권,
f_f014737,오션월드 입장권,1,2,5248601528,네이버파이낸셜,경기 성남시 분당구 정자일로 95,경기 성남시 분당구 정자동 178-4,3180021,4113510300,2023-08-29 00:00,1,74000,비발디파크 오션월드 이지패스당일사용 주중할인 입장권 구명조끼 락카 포함,
f_f014943,기차,2,1,3148210024,한국철도공사,대전 동구 중앙로 240,,3164033,3011011300,2023-09-13 00:00,3,8900,기차표 ,
f_f015092,물,0,1,,이마트24,신반포로 194,,,,,1,900,,1165010700
f_f015159,간식ㅡ빵.요거트,0,3,,이마트 이동점,대이로 188,,,,,1,8760,,4711311400
f_f015193,옷구매,1,1,,스텝이일,대구 중구 동성로3길 3,대구 중구 봉산동 25-11,4223085,2711010800,2023-08-31 18:16,1,17000,,
f_f015274,기차표예매,1,1,3148210024,한국철도공사,대전 동구 중앙로 240,,3164033,3011011300,2023-08-31 14:40,3,7700,기차표 ,
f_f015274,기차표예매,2,1,3148210024,한국철도공사,대전 동구 중앙로 240,,3164033,3011011300,2023-08-31 14:35,3,7700,기차표 ,
f_f015281,시외버스 예매,1,3,1048183559,(주)티머니,서울 중구 후암로 110,서울 중구 남대문로5가 581,3101024,1114011800,2023-09-05 13:02,1,27400,버스표,
f_f015281,시외버스 예매,2,3,1048183559,티머니,서울 중구 후암로 110,서울 중구 남대문로5가 581,3101024,1114011800,2023-09-05 13:10,1,13700,버스표 ,
f_f015281,시외버스 예매,3,3,1048183559,㈜티머니,서울 중구 후암로 110,서울 중구 남대문로5가 581,3101024,1114011800,2023-09-05 13:00,1,41700,버스비,
f_f015335,문수 축구경기장 입장권,1,1,,,,,,,,1,16000,관람권 ,
f_f015344,맥모닝; 스낵랩; 커피,0,1,,맥도날드 춘천 퇴계DT,강원 춘천시 영서로 2173,,,,,1,4300,,4211012300
f_f015427,과일 사과 망고스틴 및 계란,1,2,6088528833,롯데마트,경남 창원시 마산회원구 내서읍 경남대로 927,경남 창원시 마산회원구 내서읍 삼계리 25-2,2019004,4812725028,2023-09-08 18:10,1,40300,행복생생란;풀무원 국산 찌개두부;어깨동무 알찬콩 순두부;한여름 첫 사과;태국 망고스틴,
f_f015457,고속버스표,0,2,,주식회사 야놀자,108길 42,,,,,1,28500,,1168010600
f_f015495,주유,1,2,6038511415,지에스칼텍스(주)다대주유소,부산 사하구 다대로 377,부산 사하구 장림동 506-12,3134007,2638010500,2023-09-23 09:48,1,26760,주유비,
f_f015498,입장권,0,1,,샤이니에스테틱,명지국제8로 233 6층,,,,,5,10000,,2644010400
f_f015559,지하철왕복교통비2500,1,1,,거진종합버스터미널,강원특별자치도 고성군 거진읍 거진길 21-2,강원특별자치도 고성군 거진읍 거진리 304-6,4502026,5182025321,2023-09-11 17:50,1,24500,버스표 ,
f_f015559,지하철왕복교통비2500,2,1,2238100015,금강고속,강원특별자치도 홍천군 홍천읍 홍천로 301,,3225052,5172025023,2023-09-11 08:24,1,25600,버스표 ,
f_f015568,주유비,1,4,7404100815,삼원SELF주유소,대구 동구 공항로 241,대구 동구 지저동 667-4,3007002,2714010800,2023-09-08 17:11,1,40000,주유비 ,
f_f015584,주유,1,2,,제1교주유소,,,,,2023-09-08 18:10,1,50000,주유비 ,
f_f015588,휴대용 장바구니& 바나나 &과자,1,1,5028528141,롯데슈퍼,대구 수성구 수성로 227,,3146017,2726010800,2023-09-10 21:37,3,12670,오리온썬4번들;고산지바나나;감자;다이소1000원균일가,
f_f015589,이효석문학관 + 효석 달빛언덕(이효석생가),1,2,2258300903,효석문화관,강원특별자치도 평창군 평창읍 군청길 77,강원특별자치도 평창군 평창읍 하리 210-2,4484034,5176025023,2023-09-05 09:46,1,4500,입장권 ,
f_f015590,음료; 간식(맛밤),0,1,,CU율하선수촌점,82,,,,,3,6000,,2714011800
f_f015646,음료수,0,2,,세븐일레븐,나전로444,,,,,1,5500,,4825035000
f_f015681,빵,1,2,6768500615,(주)서원유통 탑마트,대구 중구 중앙대로66길 20,대구 중구 남산동 3006,4223129,2711015600,2023-09-02 20:27,1,5900,추억의앙금빵,
f_f015754,ITX 열차 예매,1,2,3148210024,한국철도공사 ,대전 동구 중앙로 240,,3164033,3011011300,2023-09-04 10:31,1,9800,기차표,
f_f015754,ITX 열차 예매,2,2,3148210024,한국철도공사,대전 동구 중앙로 240,,3164033,3011011300,2023-09-07 20:07,1,9800,기차표 ,
f_f015754,ITX 열차 예매,3,2,3148210024,한국철도공사 ,대전 동구 중앙로 240,,3164033,3011011300,2023-09-04 00:00,3,8600,기차표,
f_f015754,ITX 열차 예매,4,2,3148210024,한국철도공사 ,대전 동구 중앙로 240,대전 동구 소제동 293-74,3164033,3011011300,2023-09-07 00:00,3,8600,기차표,
f_f015755,레쉬가드 상의,1,1,,,,,,,2023-08-31 15:29,1,20000,몬스터서핑 래쉬가드 롱슬리브,
f_f015818,경주월드 입장권,5,1,2208742885,주식회사 야놀자,서울 강남구 테헤란로108길 42,서울 강남구 대치동 1003,4166713,1168010600,2023-09-06 10:00,1,31900,[9월] 경주월드 종일오후 파크이용권,
f_f015848,버스표,1,2,,,,,,,2023-09-17 09:46,1,29800,버스표,
f_f015848,버스표,2,2,,,,,,,2023-09-14 23:13,1,29800,버스표,
f_f015891,김밥과 물과 티켓,1,2,6416400477,선비꼬마김밥,경북 포항시 북구 양덕로 60,경북 포항시 북구 양덕동 1731,3304025,4711312200,2023-09-03 09:07,1,3500,꼬마김밥 5줄 ,
f_f015891,김밥과 물과 티켓,2,2,4093745501,CU,경북 포항시 북구 양덕로 68,경북 포항시 북구 양덕동 1731,3304025,4711312200,2023-09-03 09:09,1,700,HEYROO미네랄워터P500,
f_f015891,김밥과 물과 티켓,3,2,6108212008,울산광역시남구도시관리공단,서울 강남구 테헤란로 131,서울 강남구 역삼동 647-9,3122010,1168010100,2023-09-02 00:19,1,14400,,
f_f015925,과자류/음료류,0,1,,노브랜드 엔터식스한양대점,155-1 B1층 101호,,,,,1,5000,,1120010700
f_f015944,간식 과자 등,1,5,6080732528,배스킨라빈스,경남 창원시 마산회원구 삼호로 56,경남 창원시 마산회원구 양덕동 151-1,3329020,4812710500,2023-09-09 15:17,1,11700,싱글레귤러콘;싱글레귤러컵,
f_f015944,간식 과자 등,2,5,2208160348,홈플러스,경남 창원시 마산회원구 삼호로 56,경남 창원시 마산회원구 양덕동 151-1,3329020,4812710500,2023-09-09 16:52,1,99640,인디카라멜팝콘;마켓오오징어톡;허니순살닭강정;처음처럼PET;해남꿀고구마스틱,
f_f015972,srt기차표,1,1,3058631590,주식회사 에스알,서울 강남구 광평로56길 12,,4166082,1168011500,2023-09-05 00:00,1,15600,기차표 ,
f_f015991,버스표,0,2,,인천종합버스터미널,15 인천종합버스터미널,,,,,1,117600,,2817710600
f_f016007,기차표 예매,2,2,3148210024,한국철도공사,대전 동구 중앙로 240,,3164033,3011011300,2023-09-10 16:04,1,16200,기차표 ,
f_f016007,기차표 예매,4,2,3148210024,한국철도공사,대전 동구 중앙로 240,,3164033,3011011300,2023-09-03 22:41,1,10800,기차표 ,
f_f016009,주유,1,2,1298633198,허스코분당충전소,경기 성남시 분당구 대왕판교로 359,경기 성남시 분당구 궁내동 302-8,3180005,4113511200,2023-09-02 21:08,1,25146,,
f_f016027,ITX,1,2,3148210024,한국철도공사 ,대전 동구 중앙로 240,,3164033,3011011300,2023-09-10 11:57,3,5700,기차표,
f_f016027,ITX,2,2,3148210024,한국철도공사,대전 동구 중앙로 240,,3164033,3011011300,2023-09-10 00:00,3,5700,기차표 ,
f_f016099,시외버스 표,1,2,1048183559,주식회사 티머니,서울 중구 후암로 110,서울 중구 남대문로5가 581,3101024,1114011800,2023-09-15 18:06,1,28000,버스표,
f_f016099,시외버스 표,2,2,1048183559,(주)티머니,서울 중구 후암로 110,서울 중구 남대문로5가 581,3101024,1114011800,2023-09-16 18:17,1,28000,버스표 ,
f_f016120,요트 예매,1,3,2401701380,부산요트투어 G,부산 해운대구 해운대해변로 84,,3133043,2635010500,2023-09-03 23:11,1,40000,부산요트투어 해운대 광안리 더베이 퍼블릭 프라이빗 예약,
f_f016355,고속버스비,1,1,,,,,,,2023-09-09 07:50,3,12400,버스표,
f_f016393,쭈꾸미; 삼겹살; 장어,0,2,,오성정육점,174-4,,,,,5,50000,,4719025021
f_f016398,핸드폰 보조배터리,1,4,1208800767,쿠팡(주),서울 송파구 송파대로 570,서울 송파구 신천동 7-30,2005011,1171010200,2023-09-09 00:00,1,9810,[반품-최상]스피디 슬림 핏 보조배터리,
f_f016414,시외버스 티켓,1,2,,,,,,,2023-09-04 21:22,1,8600,버스표 ,
f_f016414,시외버스 티켓,2,2,1048183559,티머니,서울 중구 후암로 110,서울 중구 남대문로5가 581,3101024,1114011800,2023-09-04 21:13,1,8600,버스표 ,
f_f016415,얼음생수,0,3,,케이마트,258-10 지하,,,,,3,3000,,1174010200
f_f016424,Srt 및 시외버스 티켓,2,1,6058183799,해운대고속(주),부산 해운대구 해운대로 641,부산 해운대구 우동 592-23,2006010,2635010500,2023-09-09 20:30,1,14000,버스표,
f_f016502,주유,1,2,2051355089,민락주유소,경기 의정부시 민락로 403,경기 의정부시 낙양동 740,3181013,4115010700,2023-09-14 08:02,1,30000,주유비,
f_f016512,커피및음료,1,4,3250802301,컴포즈커피,서울 송파구 위례송파로 123,서울 송파구 거여동 651,3352706,1171011300,2023-09-17 09:20,1,9600,망고스무디;카페라떼(ICE) ,
f_f016529,구명조끼,1,2,1208800767,쿠팡(주),서울 송파구 송파대로 570,서울 송파구 신천동 7-30,2005011,1171010200,,3,33980,"버팔로 부력보조복 2종 세트,블랙,L,2XL",
f_f016590,대용량 보조배터리,1,1,5038185147,(주)명성,대구 동구 이노밸리로 44,대구 동구 율암동 1103-2,3142050,2714012000,,1,32310,"쿨린 고속충전 대용량 보조배터리 20000mAh 22.5W CL322,블랙",
f_f016628,Itx 티켓,1,1,3148210024,한국철도공사,대전 동구 중앙로 240,,3164033,3011011300,2023-09-12 12:45,3,8200,기차표,
f_f016628,Itx 티켓,2,1,3148210024,한국철도공사,대전 동구 중앙로 240,,3164033,3011011300,2023-09-17 07:02,3,9800,기차표,
f_f016655,커피 생수 간식 구매,0,1,,이마트24편의점,한신휴플러스,,,,,3,7000,,2638010700
f_f016689,생수; 찐옥수수; 캔커피; 박카스,0,3,,주식회사에이치에스마트,세병로19,,,,,1,15000,,2647010200
f_f016703,레고랜드 입장권,1,4,2118841856,(주)티몬 ,서울 강남구 압구정로 118,서울 강남구 신사동 529-4,3122007,1168010700,2023-09-15 00:00,1,70000,춘천 레고랜드 AFTER 3 오후이용권,
f_f016703,레고랜드 입장권,2,4,,레고랜드코리아 유한회사,강원특별자치도 춘천시 하중도길 128,강원특별자치도 춘천시 중도동 603,4454745,5111012900,2023-09-11 00:00,1,60000,입장권,
f_f016765,옷,1,1,3088701957,주식회사 에스티지씨,서울 광진구 능동로 243-1,서울 광진구 군자동 228,3104007,1121510900,2023-08-20 10:11,1,25446,소르베 나일론 원피스,
f_f016772,간식(빵),1,5,1062351785,파리바게트,부산 해운대구 재반로 204-1,부산 해운대구 반여동 1291-797,3133035,2635010300,2023-09-17 15:29,1,20400,,
f_f016775,커피,1,3,2037202924,메가커피,경북 구미시 산호대로 793,경북 구미시 옥계동 639-3,2308002,4719012800,2023-09-17 12:32,3,3000,[포장](ice)아메리카노,
f_f016795,기차표,1,1,3148210024,한국철도공사,대전 동구 중앙로 240,,3164033,3011011300,2023-09-15 11:01,1,3800,기차표,
g_g001917,돼지고기 소고기  낙곱새 순댓국 음료 등,1,9,1078163829,(주)코스트코 코리아,대구 동구 첨단로 10,대구 동구 신서동 1187,3142053,2714012400,2023-06-02 18:22,3,172490,KS먹는샘물;부추고기순댓국;미국산냉장안창살;우삼겹낙곱새;연어,
g_g006786,음식 고기 술 음료 과자 등,1,4,1705600704,화도축산물백화점,경기 남양주시 화도읍 폭포로 37,,3197064,4136025628,2023-08-29 19:40,1,44900,깐대파;양고기 숄더렉,
g_g006786,음식 고기 술 음료 과자 등,2,4,1328526323,롯데쇼핑(주) 롯데마트,경기 남양주시 화도읍 경춘로 1992,경기 남양주시 화도읍 마석우리 255-24,3000120,4136025621,2023-08-29 20:38,1,89890,"오뚜기 열라면;테라 EA;다이소 균일가(1,000);오리온 꼬북칩 매콤한맛;GAP 미니 모둠쌈",
